data,temperatura_obs,precipitacao_obs,temperatura_eta,precipitacao_eta,temperatura_brams,precipitacao_brams,temperatura_wrf,precipitacao_wrf
2023-01-01,25.325,0,23.11,0.7,23.69,13.1,22.98,6.6
2023-01-02,25.18181818,0,23.92,5.2,23.25,16.8,23.48,1.5
2023-01-03,25.15,0,25.21,13.5,23.41,12.3,23.45,5.9
2023-01-04,22.85217391,40.4,24.21,37.7,22.79,60.5,22.02,27.7
2023-01-05,18.86666667,9,20.54,4.1,20.22,7.4,20.92,6
2023-01-06,18.93913043,0,17.88,13.9,19.59,0,17.38,19.3
2023-01-07,19.55263158,0,17.75,23.9,18.46,0.5,17.28,8.4
2023-01-08,21.13636364,0,20.84,4.8,20.82,14.5,19.15,23.1
2023-01-09,21.90434783,2.2,22.52,1.3,22.16,8.8,21.32,2.7
2023-01-10,22.30434783,24.2,22.88,12.6,22.39,25.4,23.43,1
2023-01-11,22.35833333,11.4,23.21,4.7,23.2,17,22.57,3.7
2023-01-12,22.66666667,17.4,22.99,15.4,23.24,15.7,22.44,6.6
2023-01-13,24.11666667,23.4,26.18,3.3,22.65,10.3,22.93,1.7
2023-01-14,23.64583333,40,24.16,14.6,23.84,11.9,24.32,6.3
2023-01-15,25.27083333,5,22.49,25.8,23.6,6.1,24.05,13
2023-01-16,26.24166667,0.7,24.43,11,23.23,73.3,23.52,4.8
2023-01-17,25.89166667,0,23.87,8.6,23.42,15.7,23.52,14.5
2023-01-18,25.35,2,25.27,0.5,24.25,2.6,23.12,11.3
2023-01-19,24.6625,33.6,24.38,15.9,23.55,6.7,22.76,31
2023-01-20,23.80625,11,21.59,31.4,22.65,14.6,21.76,9.6
2023-01-21,23.85416667,3.8,21.8,19.3,21.8,9.6,21,29.7
2023-01-22,24.80416667,0,25.15,8.9,22.05,17,22.42,7.1
2023-01-23,24.825,0,22.9,10.8,23.04,17.5,23.05,18.9
2023-01-24,24.69166667,3.4,24.41,18.3,23.03,32.4,22.04,18.5
2023-01-25,25.17083333,0,25.28,6.2,22.2,6.5,23.01,5.7
2023-01-26,25.81666667,0,24.7,21,22.41,95.2,22.62,4.3
2023-01-27,25.55,0,25.04,5.1,23.32,76.8,23.58,6.4
2023-01-28,25.25416667,0,25.12,0.1,23.52,15.2,22.78,10.6
2023-01-29,24.97272727,8.8,25.66,0.4,24.04,22.8,25.15,1
2023-01-30,24.21363636,4.5,24.29,17.8,21.57,15.1,24.03,0.3
2023-01-31,25.34583333,0.7,27.5,2.6,21.87,7.4,23.68,6.6
2023-02-01,24.32083333,27.4,23.59,13,21.33,14.7,23.4,10.3
2023-02-02,24.8125,6.8,23.77,4.3,23.08,66.9,23.77,22.5
2023-02-03,23.89583333,23.2,25.2,20.2,23.3,64.6,22.27,8
2023-02-04,23.8125,4.5,24.48,5.7,23.67,73.7,23.15,13.2
2023-02-05,24.875,0,25.27,16,22.54,20.1,22.69,13.2
2023-02-06,23.98333333,11.9,25.4,0.4,22.42,23.7,23.32,27.1
2023-02-07,23.19583333,22.8,24.16,5.8,23.17,14.7,23.79,2.7
2023-02-08,23.85,4,25.56,7.2,22.99,13.6,23.39,0.7
2023-02-09,25.66666667,0,23.4,2.5,22.76,14.9,21.9,7.5
2023-02-10,25.05833333,0,21.98,22.3,22.98,20.4,23.09,3.8
2023-02-11,23.65,0.4,23.31,50.2,21.65,12.6,21.59,36.8
2023-02-12,24.00434783,1.5,25.01,2.9,22.78,2.9,22.02,13
2023-02-13,23.71363636,27.8,25.44,1.4,23.05,4.9,22.4,1.6
2023-02-14,24.44583333,1.1,24.94,13.5,24.59,10.5,23.45,5.8
2023-02-15,24.9875,6,25.98,4.1,24.66,4.5,23.76,18.4
2023-02-16,25.25217391,0,24.67,1.7,22.51,33,22.57,18.7
2023-02-17,23.86666667,48.6,24.11,11.6,20.12,5.2,22.69,17.6
2023-02-18,23.9,14.9,21.71,5.6,22.08,12.3,22.4,49.3
2023-02-19,20.99583333,2.5,20.94,2,22.21,5.4,19.55,1.8
2023-02-20,23.77916667,0.9,21.25,0.4,20.67,11,20.68,4.9
2023-02-21,24.48333333,0,22.03,0.7,22.76,5.9,21.09,7.6
2023-02-22,24.19130435,5.1,23.35,9.5,24.12,3.2,23.23,5.9
2023-02-23,24.58333333,0.7,25.13,1,24.91,10.1,23.85,5.1
2023-02-24,24.23333333,0.2,23.53,0.1,24.58,7.7,23.03,3.2
2023-02-25,25.2125,2.1,23.57,15.6,24.4,5.5,21.97,0.1
2023-02-26,25.5125,0,23.34,25,24.78,11.3,23.62,4.8
2023-02-27,25.54166667,4.2,26.45,14.6,25.06,18.8,24.53,6.4
2023-02-28,23.7375,2.5,27.37,0,24.78,22.5,22.98,9.8
2023-03-01,23.22916667,6.8,28.02,0,23.8,9.5,23.21,6.5
2023-03-02,25.20833333,0,25.21,18.9,23.19,5.4,22.3,14.5
2023-03-03,27.25,0,21.06,0.1,24.47,9.8,24.02,6.6
2023-03-04,23.3875,26.6,24.84,5.4,24.36,9.9,24.89,1.4
2023-03-05,23.12083333,7.8,24.17,5.9,23.69,6.4,25,5
2023-03-06,24.6,0.9,21.01,0,22.99,8.7,22.93,10.8
2023-03-07,24.29583333,2.5,24.89,0.1,23.72,17.3,22.96,8.8
2023-03-08,25.05833333,5.5,24.55,5.8,24.34,6.9,23.87,7.6
2023-03-09,23.575,10.3,23.46,11.5,24.66,5.2,22.97,16.7
2023-03-10,23.26666667,9.3,23.07,13.7,25,5.5,24.59,4.5
2023-03-11,21.95833333,26.5,24.28,23.6,24.67,4,25.8,0
2023-03-12,23.11666667,3.9,25.56,2.6,23.35,14.2,23.41,5.7
2023-03-13,23.65833333,4.7,22,0,21.6,5.5,22.78,8.4
2023-03-14,23.25416667,47.7,23.12,0,21.41,22.7,22.96,0.7
2023-03-15,24.025,0.9,24.67,1.5,23.97,9.9,21.2,0.1
2023-03-16,24.82916667,4.5,24.47,0,22.72,2.1,22.44,0.3
2023-03-17,24.38333333,0,21.24,0,23.22,0,23.05,0.4
2023-03-18,24.65416667,0,22.35,0.7,22.89,0.2,22.53,0.5
2023-03-19,25.75833333,0,22.43,2.4,22.81,0.2,22.83,0.4
2023-03-20,26.24166667,0,25.02,0.4,23.04,2.7,23.16,0
2023-03-21,24.35416667,4.2,22.61,0,21.9,5,24.18,0.4
2023-03-22,25.075,0,23.95,4.6,22.79,1.5,23.79,0
2023-03-23,25.58333333,0,22.75,19.7,22.83,4.2,23.7,7.5
2023-03-24,25.70416667,0,23.01,17.3,23.72,9.1,22.79,8.3
2023-03-25,25.6625,0,20.57,0.3,23.58,8.6,22.85,7.4
2023-03-26,26.83333333,0,25.52,0,23,1.3,22.42,1.5
2023-03-27,24.725,0,23.54,0.2,25.68,0,24.14,3.1
2023-03-28,23.95833333,15.3,24.49,7.6,24.54,0,23.54,1.6
2023-03-29,24.5,1.2,26.8,0,22.26,0,23.1,2.1
2023-03-30,24.46666667,1.3,27.74,0,23.07,5.5,23.43,10.5
2023-03-31,25.34782609,1,26.37,0,22.64,10.9,22.71,1.1
2023-04-01,24.4,0,24.74,2.9,22.63,7.9,21.4,2.5
2023-04-02,22.43333333,0,23.97,0,21.11,8.1,18.87,0.7
2023-04-03,22.32083333,0,23.58,9,16.81,0,19.14,0.2
2023-04-04,23.07916667,0,25.25,0,21.07,0,20.62,0
2023-04-05,22.325,0,21.75,0,21.93,1.7,21.5,0
2023-04-06,23.10416667,0,21.15,0,22.62,9.4,21.94,0
2023-04-07,20.67916667,26.6,24.48,1.3,21.85,6.3,21.07,3.1
2023-04-08,21.41666667,0,21.01,25.9,20.89,1.4,21.29,0
2023-04-09,21.625,0.4,22.69,0.2,21.23,11.4,22.02,0.9
2023-04-10,22.00833333,0,24,0,21.24,0.9,21.95,17.7
2023-04-11,21.85416667,0,19.6,0,20.95,0,22.18,2.4
2023-04-12,23.52083333,0,23.15,2.1,22.38,0,22.3,3.5
2023-04-13,23.825,1.9,25.44,0,22.04,0,21.67,0.7
2023-04-14,21.22608696,16.5,24.01,13,22.9,0,21.48,0.5
2023-04-15,22.26666667,1.4,20.86,5,23.55,4.6,21,1.3
2023-04-16,22.42916667,0,19.09,0,21.93,10.7,20.48,0.7
2023-04-17,22.91666667,1.7,23.2,20.9,22.71,5.3,19.97,0
2023-04-18,22.27916667,7.4,25.54,12.2,21.45,0,21.89,0
2023-04-19,21.42083333,17.8,23.91,7.2,20.44,10,23.14,2.2
2023-04-20,16.99583333,0,22.38,25.8,20.98,11.4,22.4,11.8
2023-04-21,17.85833333,0,19.5,8.6,19.9,0.5,19.05,0
2023-04-22,20.09166667,0,21.69,2.9,17.6,0,16.47,0
2023-04-23,20.9125,0,23.21,3.2,17.95,0,18.62,0
2023-04-24,21.34583333,0,22.45,27.2,20.2,0,19.92,0
2023-04-25,20.64166667,0,19.84,1.8,18.94,0,19.97,0
2023-04-26,20.80416667,1.7,23.84,2,21.91,1,20.83,0
2023-04-27,20.15833333,0.2,23.9,0,23.42,0,21.55,1.6
2023-04-28,19.25833333,4.2,24.16,0,21.45,0,19.32,0.6
2023-04-29,19.4875,0,24.55,0,18.68,0,19.12,0
2023-04-30,21.96956522,0,25.12,0,20.14,0,20.57,0
2023-05-01,21.55,0,24.33,0,21.03,0,20.76,0
2023-05-02,21.8,0,22.08,0,20.24,0,21.68,0
2023-05-03,21.83333333,0,24.45,0,22.83,0,22.42,0
2023-05-04,21.82916667,0,25.19,0,22.18,3.3,21.23,1.1
2023-05-05,23.13333333,0,25.32,0.6,22.63,17.7,21.74,0.1
2023-05-06,23.0125,0,23.47,0,22.13,0.7,18.48,3.5
2023-05-07,22.62083333,0,23.16,4.6,21.04,0,18.6,0
2023-05-08,22.68333333,0,17.63,0.8,18.78,2.5,20.55,0.9
2023-05-09,21.6125,0,19.9,3.4,20.75,0,22.72,5.9
2023-05-10,21.3125,8.3,18.35,0,22.98,0,20.06,8.1
2023-05-11,20.70416667,0,20.75,2.8,22.32,3.2,18.09,0.1
2023-05-12,17.68333333,0,17.78,0,20.55,0.8,17.41,0
2023-05-13,16.8375,0,19.32,15.2,16.75,1.5,15.64,0.6
2023-05-14,17.0125,0,21.54,1.3,15.82,0,16.41,0.5
2023-05-15,16.34166667,0,21.75,23.6,13.2,0,16.47,0
2023-05-16,16.36666667,0,18.17,0,14.1,0,16,0
2023-05-17,17.65,0,22.48,0.3,15.51,0,18.01,0
2023-05-18,16.60416667,0,20.12,0.9,17.68,0,19.13,0
2023-05-19,16.6125,0,19.84,0,19.27,0,18.3,0
2023-05-20,16.1875,0,23.22,16.3,19.04,0,17.62,0
2023-05-21,18.01666667,0,22.91,2.5,18.27,0,18.14,0
2023-05-22,18.80416667,0,23.68,0,18.82,0,18.97,0
2023-05-23,19.57916667,0,21.46,0,20.54,0,19.19,0.2
2023-05-24,20.45,0,20.1,0,21.17,0,19.92,0
2023-05-25,21.64583333,0,21.2,0,21.6,0,20.81,0
2023-05-26,21.60833333,0,19.99,0,23.63,0,20.83,0.2
2023-05-27,20.84583333,0,20.32,0,21.28,3.5,21.69,2.4
2023-05-28,19.46666667,0.2,20.33,4.9,21.74,3.5,21.57,0.4
2023-05-29,19.1125,0,21.08,1.2,19.79,4.5,15.13,1.4
2023-05-30,18.21666667,0.9,17.31,0,19.59,0,18.31,8.3
2023-05-31,16.86666667,21.3,21.23,3.1,20.52,1,18.28,1.7
2023-06-01,17.20909091,0,16.19,0.1,18.35,4.5,17.75,0
2023-06-02,17.61666667,0.2,18.97,0,16.78,0,17.57,0
2023-06-03,19.10833333,0,21.88,0,14.26,0,17.93,0
2023-06-04,18.09166667,0,16.88,0,16.21,0,18.75,0
2023-06-05,17.63333333,0,21.07,0,14.32,0,17.84,0
2023-06-06,18.65416667,0,21.7,0,16.81,1,17.18,0
2023-06-07,18.53333333,0,17.63,0,14.12,0,17.56,0
2023-06-08,18.54583333,0,19.57,0,17.7,0,18.34,0
2023-06-09,18.91666667,0,19.68,0,19.63,0,18.82,0
2023-06-10,18.825,0,20.27,0,18.45,0,19.65,0
2023-06-11,20.2125,0,20.79,0,17.69,0,19.1,0
2023-06-12,20.43333333,0,22.53,0,17.5,0,18.83,0
2023-06-13,19.14782609,0,17.98,6.2,19.08,0,19,0
2023-06-14,17.0875,6.2,22.08,0,19.24,0,16.8,1.3
2023-06-15,16.95333333,17.8,22.2,0,16.75,0.8,15.59,7
2023-06-16,14.37391304,0.4,20.58,0,15.45,0,17.47,1
2023-06-17,11.3,0,22.57,0.5,16.64,0.2,15.39,0.4
2023-06-18,13.06666667,0.2,17.15,19.5,17.33,1.9,14.48,0
2023-06-19,15.44166667,0,20.05,15,15.6,0,15.02,0
2023-06-20,17.15416667,0,20.64,0,17.8,0,16.31,0
2023-06-21,18.1875,0,19.78,0,15.93,0,17.13,0
2023-06-22,17.5125,0,21.41,0,19.6,0,19.83,0
2023-06-23,18.17916667,0,20.03,0,19.29,2.5,16.19,0.1
2023-06-24,18.12916667,0,20.79,0,19.14,0,20.42,0
2023-06-25,18.54583333,0,21.17,0,20.29,0,20.47,0
2023-06-26,18.32083333,0,20.03,0,20.88,0.5,20.28,0
2023-06-27,18.80833333,0,21.04,0,20.26,0,21.01,0
2023-06-28,18.63333333,0,21.2,0,21.28,0,20.1,0
2023-06-29,17.82083333,0,20.15,0,19.42,2,18.86,0
2023-06-30,18.9375,0,18.3,0,18.15,0,18.83,0
2023-07-01,16.81666667,0,21.52,0,19.04,0,19.56,0
2023-07-02,17.09583333,0,19.55,0,19.02,0,16.49,0
2023-07-03,15.88333333,0,17.34,0,14.81,0,16.84,0
2023-07-04,15.89583333,0,20.56,5.2,15.38,0,20,0
2023-07-05,17.09565217,0,19.22,19.1,17.25,0,16.33,0
2023-07-06,17.61111111,0,19.55,0,16.22,0,17.58,0
2023-07-07,17.65263158,0,20.82,0,18.79,0,18.42,0
2023-07-08,18.03157895,0,20.33,0,18.44,0,19.9,0
2023-07-09,18.185,6.8,20.98,0,18.23,0,19.25,0.2
2023-07-10,18.41,0.4,23.35,0,20.14,0,21.95,0
2023-07-11,21.62857143,0,22.43,0,20.5,0,24.04,0
2023-07-12,22.64736842,0,22.22,0,21.64,0,24.02,0
2023-07-13,21.865,0,22.53,0,19.17,0,18.61,30.4
2023-07-14,15.02352941,0,20.79,3.4,11.78,0.2,15.25,0.8
2023-07-15,14.80625,0,22.54,13.6,13.42,0,13.28,0
2023-07-16,14.835,0,21.54,5.2,16.55,0,16.96,0
2023-07-17,19.77,0,22.01,0,14.96,0,20.78,0
2023-07-18,18.86666667,0,22.56,0,17.49,0,13.87,0
2023-07-19,18.43888889,0,21.28,0,15.96,0,20.16,0.1
2023-07-20,19.3375,0,14.48,0,19.4,0,20.35,0.1
2023-07-21,20.40952381,0,11.78,0,20.3,0,19.49,0
2023-07-22,19.03,0,17.02,0,19.55,0,18.8,0
2023-07-23,19.79090909,0,20.96,0,18.99,0,17.87,0
2023-07-24,21.45789474,0,22.34,0,19.13,0,19.59,0
2023-07-25,21.125,0,20.74,0,19.03,0,21.01,0
2023-07-26,22.3375,0,21.22,0,21.42,0,20.24,0.1
2023-07-27,21.33684211,0,21.41,0,19.64,0,22.78,0
2023-07-28,22.29545455,0,21.18,0,19.11,0.2,22.51,0.3
2023-07-29,18.3,0,22.12,2.9,19.12,0.5,18.74,0
2023-07-30,16.875,0,24.41,0.8,19.61,0,19,0
2023-07-31,17.53333333,0,19.75,0,16.68,0,20.92,0
2023-08-01,18.10416667,0,22.17,0,15.77,0,23.02,0
2023-08-02,20.10416667,0,21.03,0,15.62,0,22.58,0
2023-08-03,20.3,0,22.96,0,17.89,0,23.44,0
2023-08-04,20.6,0,23.47,0,18.76,0,23.05,0
2023-08-05,20.5375,0,19.61,0,18.42,0,23.48,0
2023-08-06,22.01666667,0,23.48,0,21.02,0,19.33,0
2023-08-07,21.69583333,0,24.38,0,20.84,0,24.14,0.1
2023-08-08,20.51666667,0,24.03,0,21.35,0,24.28,0.1
2023-08-09,21.6875,0,21.37,0,22.07,0,20.56,0
2023-08-10,22.94583333,0,19.75,0.7,21.88,0,24.58,0
2023-08-11,24.13913043,0,15.95,0,22.78,0,23.64,0
2023-08-12,21.39583333,0,25.01,0,22.37,0,23.01,0
2023-08-13,18.7625,0,25.85,0,16.75,1.7,21.45,2.4
2023-08-14,18.85416667,0,22.38,1.9,14.14,0,15.26,3.5
2023-08-15,21.2375,0,23.99,1.9,15.44,0,19.75,0.3
2023-08-16,23.48571429,0,22.43,0,15.99,0.2,21.42,0
2023-08-17,23.2875,0,22.79,0,18.95,0,23.6,0
2023-08-18,23.50416667,0,23.03,0,23.03,0,24.66,0
2023-08-19,22.1875,0,22.01,3.4,22,2.5,23.71,0
2023-08-20,20.6625,0,24.12,1.8,18.16,3.5,17.59,0
2023-08-21,22.64583333,0,21.67,13,15.43,35.5,18.7,0
2023-08-22,22.875,0,22.98,0.3,19.9,2.5,24.22,0.1
2023-08-23,26.475,0,23.35,0,20.82,0,25.26,0
2023-08-24,25.18,4.4,25,0,21.62,2,23.68,0.1
2023-08-25,21.6875,0,26.9,4.3,19.36,1.5,20.43,1.8
2023-08-26,16.525,8,25.33,2.7,16,0.5,14.48,0
2023-08-27,13.94545455,1.2,19.09,0.6,13.97,12,15.62,0.5
2023-08-28,15.825,0.4,18.75,1.9,13.72,0,13.11,1.1
2023-08-29,18.85833333,0,18.33,1,12.07,0,13.04,0
2023-08-30,19.62916667,0,22.59,12.6,12.82,0,18.22,0
2023-08-31,21.08541667,0,17.16,0,15.99,0,19.5,18.9
2023-09-01,22.54166667,0,14.57,0,15.62,7.3,19.75,0
2023-09-02,24.74583333,7.6,21.92,0,21.68,0,23.53,17.8
2023-09-03,23.6375,25.4,23.53,0,22.7,6.2,24.75,7.9
2023-09-04,25.59130435,0.7,25.97,20.5,24.21,70.2,27.01,0.8
2023-09-05,23.93333333,5.2,23.7,0,25.33,0,18.05,14.4
2023-09-06,19.925,0,20.15,7.3,25.7,0,21.65,0.1
2023-09-07,22.02608696,0,24.28,0,24.97,0,24.96,0
2023-09-08,24.02083333,0,23.85,0,25.49,0,25.4,0
2023-09-09,22.39583333,0,20.37,0,24.65,0,26.31,0
2023-09-10,21.9875,0,24.92,2.5,22.77,2.5,24.83,0
2023-09-11,24.15833333,0,24.2,0,21.76,0.2,21.18,0
2023-09-12,24.88333333,0,26.84,0.2,25.1,0,26.9,0
2023-09-13,26.69166667,0,25.5,0,26.01,0,26.79,0
2023-09-14,21.20833333,17.1,18.1,6.1,28.06,0,24.45,0.3
2023-09-15,18.4,0.2,25.45,0,17.77,3.2,19.94,0.8
2023-09-16,20.95416667,0,23.68,0,15.87,0,16.25,0
2023-09-17,25.2375,0,28.55,0,19.67,0,24.15,0
2023-09-18,27.18333333,0,29.67,0,24.74,0,28.08,0
2023-09-19,27.35416667,0,28.25,0,27.15,0,28.59,0
2023-09-20,25.85,0,24.98,0,26,0,28.87,0
2023-09-21,25.60416667,0,26.53,0,26.42,0,30.27,0
2023-09-22,27.50833333,0,25.28,0,27.05,0,28.88,0
2023-09-23,28.2375,0,27.68,0,27.14,0,28.73,0
2023-09-24,29.4625,0,26.95,0,26.27,0,30.05,0
2023-09-25,28.81666667,0,28.47,0,26.75,0,29.61,0
2023-09-26,28.4,0,20.72,0,26.53,0,24.01,0
2023-09-27,28.05,5.5,28.22,0,23.83,0,17.4,0
2023-09-28,19.3125,1.3,19.53,1.8,18.85,0,20.74,0
2023-09-29,20.84166667,0,19.45,0,23.21,2.5,22.95,0
2023-09-30,23.73333333,0,27.55,10.5,25.73,8.5,26.45,0.3
2023-10-01,22.1625,31.5,30.22,0,24,23,27.98,4.5
2023-10-02,22.32083333,0,26.63,7.7,23.33,9,24.85,0.4
2023-10-03,22.56666667,0,29.44,10.4,21.16,0.2,23.87,0
2023-10-04,25.6952381,0,29.79,3.6,23.49,4,28.77,0.2
2023-10-05,24.45238095,5.2,29.34,2.8,21.62,29.5,26.37,2.6
2023-10-06,25.82916667,0,28.32,8.4,22.94,4.8,20.52,0.1
2023-10-07,26.4,23.7,23.39,16.6,21.4,63.2,23.59,7.7
2023-10-08,22.79166667,28.2,19.24,10.7,19.5,10.5,22.03,60.6
2023-10-09,22.44166667,50.5,23.8,15.1,22.1,2.5,25.75,0
2023-10-10,22.60416667,0,18.51,22,26.26,0,25.45,0
2023-10-11,24.7125,0,22.3,1.1,25.82,0,26.87,0.2
2023-10-12,24.575,35.7,25.38,10.5,25.69,0,21.68,0
2023-10-13,20.37083333,0.7,27.58,0.3,23.36,4.5,18.92,0.8
2023-10-14,19.325,0,26.93,4.7,20.25,0,19.54,0.3
2023-10-15,23.0625,0,27.03,13.3,22.41,1.5,23.22,0
2023-10-16,25.85,0,28.89,0,24.84,3,26.38,0.6
2023-10-17,21.86,32,30.05,0,23.63,6,27,1.9
2023-10-18,22.7875,1.2,28.08,0,23.62,5.5,25.72,3.1
2023-10-19,20.98333333,0,23.94,2.1,22.29,0.2,17.53,0
2023-10-20,20.75416667,0,28.27,6.4,22.72,1.7,16.43,19.4
2023-10-21,21.62083333,0,22.04,0,24.42,0.7,23.27,0
2023-10-22,23.34166667,0,20.8,0,26.93,0,20.55,0
2023-10-23,25.025,0,22.67,0,27.21,0,24.79,0
2023-10-24,27.75416667,0,27.52,16.9,26.8,2.5,26.51,0
2023-10-25,25.4875,0,24.37,4.9,23.4,6,23.64,2.9
2023-10-26,24.17916667,0,20.41,0.5,23.42,15.5,27.82,0.4
2023-10-27,23.70833333,1.7,23.6,7.7,21.45,19.9,20.49,6.7
2023-10-28,23.80416667,7.1,27,3.4,22.06,32.4,23.31,16.6
2023-10-29,24.20833333,26.2,27.82,19.1,23.9,35,24.15,10.3
2023-10-30,24.85833333,0.9,18.54,1.6,21.6,31,22.75,17
2023-10-31,24.27083333,3.1,25.29,0,18.51,13.5,23.07,4.4
2023-11-01,22.55416667,0.2,17.8,0,21.52,25,24.22,31.4
2023-11-02,22.725,0,21.96,0,25.33,4,24.79,11.1
2023-11-03,24.52173913,1.7,25.66,0,25.23,10,22.7,3.8
2023-11-04,23.14583333,0,26.66,0,20.78,9,21.47,9.2
2023-11-05,20.45833333,0,23.24,6.2,20.54,0,17.97,0
2023-11-06,20.49583333,0,23.16,21.7,20.32,0,18.25,0
2023-11-07,22.225,0,24.08,2.5,22.22,0,20.06,0
2023-11-08,26.0625,0,27.4,2.9,23.15,0,22.64,0
2023-11-09,27.45,0,28.54,0,25.39,3.5,23.74,0
2023-11-10,27.125,0,29.97,0,24.42,2.5,28.05,0
2023-11-11,28.75416667,0,31.29,0,26.91,1,29.92,0
2023-11-12,30.25833333,0,32.13,4.5,25.19,0.5,31.2,0
2023-11-13,32.075,0,25.73,0,23.68,0,23.92,0
2023-11-14,30.07916667,0,29.11,1,26.97,0.5,26.45,0.2
2023-11-15,28.52916667,0.7,31.17,0,29.8,0.5,27.21,0
2023-11-16,23.45333333,7.2,25.08,0,26.14,0,31.41,0.2
2023-11-17,30.66666667,0,30.42,0,30.83,0,30.86,0
2023-11-18,31.20416667,0,31.02,0,33.97,0,31.04,0.1
2023-11-19,23.94166667,55.1,31.2,1.6,26.47,24.8,25.88,23.3
2023-11-20,23.48333333,0,26.87,1.2,23.32,2.2,21.42,36.6
2023-11-21,26.325,0,23.9,23.3,25.47,3,23.35,0
2023-11-22,27.47083333,0,22.61,0,28.3,1,27.88,0
2023-11-23,26.45416667,0.7,25.12,18.5,28.32,1.5,31.01,0.3
2023-11-24,21.69166667,3.6,27.31,3,28.49,6.5,28.56,4
2023-11-25,19.35,0.5,29.47,3.2,22.98,4.7,19.02,0
2023-11-26,21.375,0,29.68,8,21.04,8.8,20.79,0
2023-11-27,23.05416667,14.3,24.89,23,21.86,7,21.68,16.2
2023-11-28,24.39166667,0,27.05,8.4,21.75,5.5,21.63,30.3
2023-11-29,23.12083333,65.5,25.72,71.6,23.96,1.2,24,6.2
2023-11-30,24.74583333,2,28.3,4.9,23.54,8.5,23.53,1.2
2023-11-30,24.74583333,2,28.3,4.9,23.54,8.5,23.53,1.2
2023-12-01,26.179166665,1,26.1,0,23.26,16,24.88,1.1
2023-12-02,27.6125,0,29.91,0,23.62,8.5,25.69,24.5
2023-12-03,29.2875,0,26.89,0,26.02,0,25.76,12.1
2023-12-04,27.45833333,0,22.93,10.2,22.75,13.7,24.89,28.2
2023-12-05,24.99583333,8.3,26.8,5.6,23.2,111.3,25.2,1.1
2023-12-06,26.7375,0,23.48,35.4,25.36,3.9,23.46,9.6
2023-12-07,28.675,0,24.38,38.8,26.67,46.3,24.86,11
2023-12-08,25.64166667,4.7,24.65,31.6,23.33,12.4,23.53,1.2
2023-12-09,23.55416667,0,28.44,3.5,20.94,0.2,22.18,1.2
2023-12-10,23.87916667,1,29.48,3.1,23.69,4.8,22.1,0
2023-12-11,24.39166667,7,24.7,0,24.88,8.5,23.06,0
2023-12-12,23.42083333,0,28.35,9.3,26.12,11.5,24.24,18.3
2023-12-13,24.55,0,28.38,10,25.82,11.3,24.33,4.3
2023-12-14,27.175,0,26.46,16.2,26.04,3,26.89,0
2023-12-15,29.16666667,0,21.34,2.5,26.65,0,26.92,2.6
2023-12-16,29.40833333,0,27.42,9.9,26.57,0.2,27.95,0
2023-12-17,29.49166667,0,26.61,18.2,27.73,0,28.52,0
2023-12-18,28.80416667,0,27.95,4.2,28.74,0,28.88,0
2023-12-19,26.15,0,28.3,14.2,26.98,0,25.91,0
2023-12-20,25.07916667,0,25.65,1.2,26.71,0,24.15,0
2023-12-21,26.675,0.2,21.98,0,27.22,4,24.96,0
2023-12-22,26.93333333,0,26.91,4.2,24.35,13,25.26,4
2023-12-23,25.55789474,0,25.45,1.2,24.5,26.9,24.24,13.2
2023-12-24,24.81666667,0,25.9,14.5,23.95,25,26.12,0.6
2023-12-25,28.15,0,27.15,0.1,25,2.5,26.12,9.4
2023-12-26,27.325,0,27.16,9.3,25.92,2.6,24.75,41.5
2023-12-27,24.9125,0,26.65,4.6,24.44,0.7,25.33,0
2023-12-28,25.975,0,24.42,9.6,21.51,0,21.19,0
2023-12-29,29.20833333,0,21.35,0,24.16,0,23.96,0
2023-12-30,24.77916667,0.2,27.35,5.3,27.57,5,25.35,21.4
2023-12-31,24.0625,0,24.88,24.1,23.47,7.7,22.92,9.4
2024-01-01,NA,NA,20.72,0,22.82,6.2,23.38,9.8
2024-01-02,NA,NA,27.75,37.6,22.88,0,22.08,0
2024-01-03,NA,NA,21.09,0.7,23.12,0,20.4,1.1
2024-01-04,NA,NA,22.93,0,22.74,1,24.56,4.7
2024-01-05,NA,NA,21.88,0.4,23.57,2.5,21.59,8.3
2024-01-06,NA,NA,23.31,0,21.53,0,22.81,0.9
2024-01-07,NA,NA,26.3,0,NA,NA,NA,NA
2024-01-08,NA,NA,27.68,0,NA,NA,NA,NA
2024-01-09,NA,NA,28.71,0.9,NA,NA,NA,NA
2024-01-10,NA,NA,27.85,0,NA,NA,NA,NA
2024-01-11,NA,NA,28.8,0,NA,NA,NA,NA
