Data,Temp_OBS,UR_OBS,Prec_OBS
01/jan,25.325,66.04166667,0
02/jan,25.18181818,65.8,0
03/jan,25.15,68.40833333,0
04/jan,22.85217391,80.73043478,40.4
05/jan,18.86666667,86.85833333,9
06/jan,18.93913043,72.98695652,0
07/jan,19.55263158,70.33684211,0
08/jan,21.13636364,66.72272727,0
09/jan,21.90434783,73.29565217,2.2
10/jan,22.30434783,78.23478261,24.2
11/jan,22.35833333,80.4875,11.4
12/jan,22.66666667,78.23333333,17.4
13/jan,24.11666667,78.5875,23.4
14/jan,23.64583333,77.35,40
15/jan,25.27083333,76.59583333,5
16/jan,26.24166667,71.05,0.7
17/jan,25.89166667,69.3625,0
18/jan,25.35,66.42083333,2
19/jan,24.6625,68.97083333,33.6
20/jan,23.80625,74.5375,11
21/jan,23.85416667,75.53333333,3.8
22/jan,24.80416667,71.42083333,0
23/jan,24.825,75.15,0
24/jan,24.69166667,74.45,3.4
25/jan,25.17083333,62.725,0
26/jan,25.81666667,52.6375,0
27/jan,25.55,50.6625,0
28/jan,25.25416667,65.9375,0
29/jan,24.97272727,68.11818182,8.8
30/jan,24.21363636,72.79545455,4.5
31/jan,25.34583333,69.60833333,0.7
01/fev,24.32083333,76.74166667,27.4
02/fev,24.8125,75.95833333,6.8
03/fev,23.89583333,77.33333333,23.2
04/fev,23.8125,76.71666667,4.5
05/fev,24.875,76.2625,0
06/fev,23.98333333,79.675,11.9
07/fev,23.19583333,81.28333333,22.8
08/fev,23.85,75.24583333,4
09/fev,25.66666667,62.77916667,0
10/fev,25.05833333,67.925,0
11/fev,23.65,74.14166667,0.4
12/fev,24.00434783,75.43913043,1.5
13/fev,23.71363636,76.37272727,27.8
14/fev,24.44583333,77.36666667,1.1
15/fev,24.9875,73.49166667,6
16/fev,25.25217391,70.30434783,0
17/fev,23.86666667,77.10833333,48.6
18/fev,23.9,78.96666667,14.9
19/fev,20.99583333,77.09583333,2.5
20/fev,23.77916667,69.2,0.9
21/fev,24.48333333,70.29583333,0
22/fev,24.19130435,70.9173913,5.1
23/fev,24.58333333,69.92916667,0.7
24/fev,24.23333333,72.275,0.2
25/fev,25.2125,70.51666667,2.1
26/fev,25.5125,69.425,0
27/fev,25.54166667,71.0125,4.2
28/fev,23.7375,74.0125,2.5
01/mar,23.22916667,73.2375,6.8
02/mar,25.20833333,67.95833333,0
03/mar,27.25,59.0875,0
04/mar,23.3875,82.0125,26.6
05/mar,23.12083333,78.59166667,7.8
06/mar,24.6,67.86666667,0.9
07/mar,24.29583333,63.04583333,2.5
08/mar,25.05833333,62.85833333,5.5
09/mar,23.575,75.75833333,10.3
10/mar,23.26666667,77.2875,9.3
11/mar,21.95833333,83.83333333,26.5
12/mar,23.11666667,79.78333333,3.9
13/mar,23.65833333,75.65416667,4.7
14/mar,23.25416667,79.94166667,47.7
15/mar,24.025,73.25416667,0.9
16/mar,24.82916667,63.575,4.5
17/mar,24.38333333,60.675,0
18/mar,24.65416667,60.69166667,0
19/mar,25.75833333,61.4,0
20/mar,26.24166667,63.66666667,0
21/mar,24.35416667,67.7625,4.2
22/mar,25.075,63.10416667,0
23/mar,25.58333333,58.28333333,0
24/mar,25.70416667,64.29583333,0
25/mar,25.6625,60.35,0
26/mar,26.83333333,62.49166667,0
27/mar,24.725,67.27083333,0
28/mar,23.95833333,66.6875,15.3
29/mar,24.5,72.12083333,1.2
30/mar,24.46666667,69.95416667,1.3
31/mar,25.34782609,65.77826087,1
01/abr,24.4,68.96666667,0
02/abr,22.43333333,64.775,0
03/abr,22.32083333,63.75833333,0
04/abr,23.07916667,65.69583333,0
05/abr,22.325,67.8,0
06/abr,23.10416667,63.72916667,0
07/abr,20.67916667,83.30833333,26.6
08/abr,21.41666667,80.84583333,0
09/abr,21.625,70.65,0.4
10/abr,22.00833333,59.3,0
11/abr,21.85416667,63.75833333,0
12/abr,23.52083333,67.84583333,0
13/abr,23.825,72.23333333,1.9
14/abr,21.22608696,84.20869565,16.5
15/abr,22.26666667,78.87916667,1.4
16/abr,22.42916667,70.0125,0
17/abr,22.91666667,74.2125,1.7
18/abr,22.27916667,85.4,7.4
19/abr,21.42083333,77.64166667,17.8
20/abr,16.99583333,67.9875,0
21/abr,17.85833333,58.51666667,0
22/abr,20.09166667,60.78333333,0
23/abr,20.9125,64.01666667,0
24/abr,21.34583333,59.425,0
25/abr,20.64166667,65.15833333,0
26/abr,20.80416667,75.51666667,1.7
27/abr,20.15833333,83.44166667,0.2
28/abr,19.25833333,82.6375,4.2
29/abr,19.4875,71.75,0
30/abr,21.96956522,67.56086957,0
01/mai,21.55,72.11666667,0
02/mai,21.8,70.1625,0
03/mai,21.83333333,68.8875,0
04/mai,21.82916667,68.10833333,0
05/mai,23.13333333,63.25416667,0
06/mai,23.0125,70.72916667,0
07/mai,22.62083333,69.2375,0
08/mai,22.68333333,68.1,0
09/mai,21.6125,72.25833333,0
10/mai,21.3125,79.53333333,8.3
11/mai,20.70416667,72.97916667,0
12/mai,17.68333333,69.75,0
13/mai,16.8375,64.95416667,0
14/mai,17.0125,65.575,0
15/mai,16.34166667,66.70833333,0
16/mai,16.36666667,62.1625,0
17/mai,17.65,63.555,0
18/mai,16.60416667,66.65,0
19/mai,16.6125,68.175,0
20/mai,16.1875,70.85833333,0
21/mai,18.01666667,59.99166667,0
22/mai,18.80416667,57.60833333,0
23/mai,19.57916667,58.29583333,0
24/mai,20.45,57.09166667,0
25/mai,21.64583333,60.94166667,0
26/mai,21.60833333,58.35416667,0
27/mai,20.84583333,60.95,0
28/mai,19.46666667,73.50833333,0.2
29/mai,19.1125,69.82916667,0
30/mai,18.21666667,69.39583333,0.9
31/mai,16.86666667,90.0375,21.3
01/jun,17.20909091,82.02272727,0
02/jun,17.61666667,73.49583333,0.2
03/jun,19.10833333,65.9125,0
04/jun,18.09166667,67.9875,0
05/jun,17.63333333,67.20833333,0
06/jun,18.65416667,62.3875,0
07/jun,18.53333333,63.33333333,0
08/jun,18.54583333,64.2,0
09/jun,18.91666667,62.75,0
10/jun,18.825,63.19583333,0
11/jun,20.2125,57.45,0
12/jun,20.43333333,59.69166667,0
13/jun,19.14782609,71.4,0
14/jun,17.0875,86.975,6.2
15/jun,16.95333333,92.52,17.8
16/jun,14.37391304,87.67826087,0.4
17/jun,11.3,79.94166667,0
18/jun,13.06666667,75.125,0.2
19/jun,15.44166667,67.59166667,0
20/jun,17.15416667,64.9375,0
21/jun,18.1875,60.24166667,0
22/jun,17.5125,64.65833333,0
23/jun,18.17916667,66.79166667,0
24/jun,18.12916667,67.64583333,0
25/jun,18.54583333,67.3125,0
26/jun,18.32083333,69.325,0
27/jun,18.80833333,64.07916667,0
28/jun,18.63333333,64.4,0
29/jun,17.82083333,69.39166667,0
30/jun,18.9375,67.46666667,0
01/jul,16.81666667,76.95833333,0
02/jul,17.09583333,69.44166667,0
03/jul,15.88333333,67.95833333,0
04/jul,15.89583333,63.675,0
05/jul,17.09565217,61.87391304,0
06/jul,17.61111111,56.51111111,0
07/jul,17.65263158,56.26315789,0
08/jul,18.03157895,59.35263158,0
09/jul,18.185,83.365,6.8
10/jul,18.41,82.36,0.4
11/jul,21.62857143,69.9047619,0
12/jul,22.64736842,58.46315789,0
13/jul,21.865,47.5,0
14/jul,15.02352941,56.79411765,0
15/jul,14.80625,57.19375,0
16/jul,14.835,65.44,0
17/jul,19.77,59.115,0
18/jul,18.86666667,71.4,0
19/jul,18.43888889,67.77777778,0
20/jul,19.3375,62.35625,0
21/jul,20.40952381,60.91428571,0
22/jul,19.03,66.885,0
23/jul,19.79090909,58.42272727,0
24/jul,21.45789474,47.92105263,0
25/jul,21.125,49.60625,0
26/jul,22.3375,49.86875,0
27/jul,21.33684211,58.18947368,0
28/jul,22.29545455,59.77272727,0
29/jul,18.3,68.17916667,0
30/jul,16.875,68.425,0
31/jul,17.53333333,70.94166667,0
01/ago,18.10416667,66.9625,0
02/ago,20.10416667,60.68333333,0
03/ago,20.3,56.47083333,0
04/ago,20.6,50.93333333,0
05/ago,20.5375,55.725,0
06/ago,22.01666667,46.43333333,0
07/ago,21.69583333,51.25416667,0
08/ago,20.51666667,62.7375,0
09/ago,21.6875,60.44583333,0
10/ago,22.94583333,56.83333333,0
11/ago,24.13913043,51.92608696,0
12/ago,21.39583333,61.50833333,0
13/ago,18.7625,69.85833333,0
14/ago,18.85416667,67.55,0
15/ago,21.2375,66.75416667,0
16/ago,23.48571429,59.35238095,0
17/ago,23.2875,52.65416667,0
18/ago,23.50416667,49.75416667,0
19/ago,22.1875,53.4,0
20/ago,20.6625,58.05833333,0
21/ago,22.64583333,53.875,0
22/ago,22.875,49.47083333,0
23/ago,26.475,32.825,0
24/ago,25.18,50.48,4.4
25/ago,21.6875,71.11666667,0
26/ago,16.525,75.54166667,8
27/ago,13.94545455,72.38636364,1.2
28/ago,15.825,70.45,0.4
29/ago,18.85833333,64.07083333,0
30/ago,19.62916667,65.2875,0
01/set,22.54166667,38.82916667,0
02/set,24.74583333,57.07916667,7.6
03/set,23.6375,72.9625,25.4
04/set,25.59130435,65.16086957,0.7
05/set,23.93333333,70.80416667,5.2
06/set,19.925,66.825,0
07/set,22.02608696,58.5826087,0
08/set,24.02083333,53.47083333,0
09/set,22.39583333,60.84583333,0
10/set,21.9875,63.9375,0
11/set,24.15833333,57.6125,0
12/set,24.88333333,42.425,0
13/set,26.69166667,39.20833333,0
14/set,21.20833333,71.10416667,17.1
15/set,18.4,70.54166667,0.2
16/set,20.95416667,61.92916667,0
17/set,25.2375,54.425,0
18/set,27.18333333,42.44583333,0
19/set,27.35416667,48.35,0
20/set,25.85,48.3625,0
21/set,25.60416667,50.925,0
22/set,27.50833333,49.68333333,0
23/set,28.2375,45.825,0
24/set,29.4625,44.36666667,0
25/set,28.81666667,49.35,0
26/set,28.4,52.69583333,0
27/set,28.05,57.075,5.5
28/set,19.3125,71.69166667,1.3
29/set,20.84166667,62.99583333,0
30/set,23.73333333,64.2625,0
01/out,22.1625,80.78333333,31.5
02/out,22.32083333,72.7375,0
03/out,22.56666667,75.00416667,0
04/out,25.6952381,70.03809524,0
05/out,24.45238095,74.79047619,5.2
06/out,25.82916667,68.875,0
07/out,26.4,69.09166667,23.7
08/out,22.79166667,83.70416667,28.2
09/out,22.44166667,79.55,50.5
10/out,22.60416667,62.325,0
11/out,24.7125,63.30416667,0
12/out,24.575,74.10416667,35.7
13/out,20.37083333,78.53333333,0.7
14/out,19.325,68.58333333,0
15/out,23.0625,64.30416667,0
16/out,25.85,63.02083333,0
17/out,21.86,81.185,32
18/out,22.7875,71.72916667,1.2
19/out,20.98333333,68.58333333,0
20/out,20.75416667,69.35416667,0
21/out,21.62083333,68.09166667,0
22/out,23.34166667,61.7375,0
23/out,25.025,60.28333333,0
24/out,27.75416667,52.6875,0
25/out,25.4875,66.06666667,0
26/out,24.17916667,67.92083333,0
27/out,23.70833333,67.45416667,1.7
28/out,23.80416667,75.075,7.1
29/out,24.20833333,77.925,26.2
30/out,24.85833333,76.85833333,0.9
31/out,24.27083333,81.1,3.1
01/nov,22.55416667,78.09166667,0.2
02/nov,22.725,64.2875,0
03/nov,24.52173913,70.2,1.7
04/nov,23.14583333,67.425,0
05/nov,20.45833333,55.25416667,0
06/nov,20.49583333,55.85416667,0
07/nov,22.225,55.225,0
08/nov,26.0625,46.17083333,0
09/nov,27.45,47.2,0
10/nov,27.125,56.3125,0
11/nov,28.75416667,51.00416667,0
12/nov,30.25833333,40.825,0
13/nov,32.075,34.19583333,0
14/nov,30.07916667,51.17916667,0
15/nov,28.52916667,55.75833333,0.7
16/nov,23.45333333,77.96666667,7.2
17/nov,30.66666667,51.7125,0
18/nov,31.20416667,48.15833333,0
19/nov,23.94166667,79.85833333,55.1
20/nov,23.48333333,73.29166667,0
21/nov,26.325,63.71666667,0
22/nov,27.47083333,65.075,0
23/nov,26.45416667,68.04583333,0.7
24/nov,21.69166667,73.92916667,3.6
25/nov,19.35,64.8875,0.5
26/nov,21.375,68.7875,0
27/nov,23.05416667,73.62083333,14.3
28/nov,24.39166667,75.45416667,0
29/nov,23.12083333,81.77916667,65.5
30/nov,24.74583333,74.55833333,2
30/nov,24.74583333,74.55833333,2
02/dez,27.6125,58.05416667,0
03/dez,29.2875,54.22083333,0
04/dez,27.45833333,57.80416667,0
05/dez,24.99583333,72.63333333,8.3
06/dez,26.7375,67.34583333,0
07/dez,28.675,59.34166667,0
08/dez,25.64166667,68.05,4.7
09/dez,23.55416667,64.95,0
10/dez,23.87916667,62.025,1
11/dez,24.39166667,71.15416667,7
12/dez,23.42083333,61.725,0
13/dez,24.55,57.49583333,0
14/dez,27.175,56.39583333,0
15/dez,29.16666667,49.61666667,0
16/dez,29.40833333,45.7625,0
17/dez,29.49166667,51.26666667,0
18/dez,28.80416667,47.37916667,0
19/dez,26.15,54.61666667,0
20/dez,25.07916667,52.68333333,0
21/dez,26.675,54.65,0.2
22/dez,26.93333333,61.7375,0
23/dez,25.55789474,67.68947368,0
24/dez,24.81666667,70.90833333,0
25/dez,28.15,58.0125,0
26/dez,27.325,61.8875,0
27/dez,24.9125,54.325,0
28/dez,25.975,49.2125,0
29/dez,29.20833333,48.17916667,0
30/dez,24.77916667,59.2125,0.2
31/dez,24.0625,57.8875,0
