Data,Temp_ETA,UR_ETA,Prec_ETA
2023-01-01,22.01,73.82,122.4
2023-01-02,22.14,73.0,109.1
2023-01-03,22.65,72.64,106.5
2023-01-04,22.35,75.45,91.4
2023-01-05,21.89,75.56,139.9
2023-01-06,23.11,67.64,45.6
2023-01-07,23.28,70.2,82.3
2023-01-08,23.47,71.09,84.0
2023-01-09,24.21,68.63,89.6
2023-01-10,23.42,71.57,188.8
2023-01-11,23.57,74.98,211.4
2023-01-12,24.32,71.79,138.8
2023-01-13,23.43,75.41,205.8
2023-01-14,24.14,72.31,144.7
2023-01-15,24.33,69.93,105.1
2023-01-16,24.15,73.66,186.8
2023-01-17,24.06,71.78,96.6
2023-01-18,23.75,68.46,91.0
2023-01-19,24.47,66.75,59.1
2023-01-20,23.92,71.06,130.0
2023-01-21,24.67,67.65,18.1
2023-01-22,23.92,70.28,126.1
2023-01-23,24.35,66.36,35.7
2023-01-24,23.8,67.31,85.3
2023-01-25,23.85,68.02,81.6
2023-01-26,24.16,67.63,96.2
2023-01-27,24.66,68.7,90.0
2023-01-28,24.15,72.59,101.7
2023-01-29,24.29,75.09,161.9
2023-01-30,23.45,72.11,81.3
2023-01-31,22.79,78.08,177.8
2023-02-01,22.8,77.97,208.4
2023-02-02,24.28,69.8,88.6
2023-02-03,23.95,71.08,104.7
2023-02-04,24.55,64.06,48.6
2023-02-05,23.93,62.94,45.0
2023-02-06,23.36,70.27,47.1
2023-02-07,23.6,69.09,102.1
2023-02-08,23.76,67.77,68.2
2023-02-09,23.71,69.76,69.9
2023-02-10,23.3,73.32,118.7
2023-02-11,23.28,75.06,160.5
2023-02-12,23.78,73.98,130.3
2023-02-13,24.61,70.68,98.4
2023-02-14,23.22,74.4,163.2
2023-02-15,23.8,74.09,142.8
2023-02-16,24.46,71.14,122.7
2023-02-17,24.6,69.62,101.9
2023-02-18,24.95,68.04,97.8
2023-02-19,25.13,66.22,82.2
2023-02-20,24.61,68.88,114.6
2023-02-21,23.81,71.63,111.0
2023-02-22,23.85,70.5,91.3
2023-02-23,24.01,71.29,110.6
2023-02-24,22.5,71.8,84.0
2023-02-25,24.2,71.45,133.4
2023-02-26,25.17,65.99,93.5
2023-02-27,24.03,71.48,206.0
2023-02-28,24.0,69.4,162.9
2023-03-01,25.07,64.66,110.8
2023-03-02,25.62,62.37,57.3
2023-03-03,24.81,66.69,57.3
2023-03-04,24.21,70.01,108.5
2023-03-05,25.04,65.22,72.5
2023-03-06,24.84,64.8,69.2
2023-03-07,23.58,68.96,53.5
2023-03-08,23.2,68.79,27.7
2023-03-09,22.66,72.73,137.9
2023-03-10,23.96,67.29,82.4
2023-03-11,23.64,68.81,73.4
2023-03-12,23.41,71.06,74.9
2023-03-13,23.01,71.32,90.4
2023-03-14,22.85,72.13,60.8
2023-03-15,22.36,72.5,62.6
2023-03-16,24.46,59.89,2.6
2023-03-17,24.0,64.21,16.4
2023-03-18,24.33,63.84,12.8
2023-03-19,24.53,61.47,8.1
2023-03-20,24.87,60.99,3.5
2023-03-21,24.96,60.48,8.5
2023-03-22,24.09,63.75,3.7
2023-03-23,24.34,63.37,5.0
2023-03-24,24.21,63.17,46.7
2023-03-25,24.69,61.98,9.3
2023-03-26,23.46,66.3,25.9
2023-03-27,22.65,66.77,48.9
2023-03-28,23.43,64.57,35.6
2023-03-29,22.49,68.11,65.3
2023-03-30,23.39,65.88,38.3
2023-03-31,23.0,68.27,31.5
2023-04-01,22.05,66.27,31.0
2023-04-02,22.96,65.54,34.9
2023-04-03,22.59,64.33,22.3
2023-04-04,23.09,65.37,43.8
2023-04-05,22.31,71.57,75.1
2023-04-06,22.0,70.72,53.8
2023-04-07,22.04,69.3,71.2
2023-04-08,22.64,71.26,62.2
2023-04-09,21.71,68.93,44.5
2023-04-10,22.25,68.65,68.3
2023-04-11,22.47,69.89,78.6
2023-04-12,22.26,73.97,74.5
2023-04-13,23.27,70.33,50.2
2023-04-14,22.0,73.63,94.2
2023-04-15,20.99,75.16,51.6
2023-04-16,21.88,70.11,22.8
2023-04-17,21.23,70.32,34.4
2023-04-18,21.15,64.68,30.6
2023-04-19,20.72,60.85,11.7
2023-04-20,20.93,61.55,0.0
2023-04-21,20.77,60.5,4.9
2023-04-22,20.05,61.63,0.0
2023-04-23,20.9,62.69,6.0
2023-04-24,22.03,57.7,1.6
2023-04-25,22.08,63.52,9.7
2023-04-26,22.23,64.62,8.7
2023-04-27,22.24,63.36,7.4
2023-04-28,21.59,62.58,8.8
2023-04-29,21.91,63.42,11.0
2023-04-30,21.42,65.73,24.7
2023-05-01,22.26,63.67,27.0
2023-05-02,22.09,63.21,12.4
2023-05-03,22.74,62.5,44.9
2023-05-04,22.28,65.43,24.2
2023-05-05,22.89,61.89,28.4
2023-05-06,20.55,69.12,40.6
2023-05-07,20.78,66.26,15.5
2023-05-08,19.47,61.62,3.2
2023-05-09,19.47,64.12,4.5
2023-05-10,19.26,66.14,29.6
2023-05-11,20.38,64.22,11.8
2023-05-12,19.73,58.31,0.0
2023-05-13,18.72,53.36,0.0
2023-05-14,18.42,55.9,0.0
2023-05-15,19.14,55.86,0.1
2023-05-16,18.71,60.84,0.0
2023-05-17,18.92,61.32,3.3
2023-05-18,19.52,58.27,6.1
2023-05-19,20.26,55.3,1.1
2023-05-20,19.42,56.58,5.3
2023-05-21,20.8,54.1,11.0
2023-05-22,19.53,60.47,24.0
2023-05-23,19.92,60.54,3.0
2023-05-24,21.74,57.01,55.8
2023-05-25,19.58,61.78,4.9
2023-05-26,19.84,62.18,18.4
2023-05-27,20.15,65.06,36.4
2023-05-28,19.72,62.7,33.7
2023-05-29,19.71,63.1,29.9
2023-05-30,19.96,62.34,15.0
2023-05-31,19.04,62.75,36.0
2023-06-01,18.64,60.27,0.0
2023-06-02,19.64,54.44,0.0
2023-06-03,19.66,56.25,8.1
2023-06-04,20.41,50.33,0.0
2023-06-05,20.08,56.13,4.9
2023-06-06,19.68,60.71,8.2
2023-06-07,21.09,49.89,1.5
2023-06-08,20.13,60.87,38.8
2023-06-09,18.64,62.4,31.7
2023-06-10,19.66,58.69,17.4
2023-06-11,19.39,61.8,13.9
2023-06-12,19.85,61.8,6.4
2023-06-13,19.33,63.84,23.8
2023-06-14,18.61,66.37,13.0
2023-06-15,19.12,65.14,14.4
2023-06-16,17.44,61.77,10.5
2023-06-17,18.5,60.15,4.5
2023-06-18,18.87,56.09,0.0
2023-06-19,19.26,51.64,0.0
2023-06-20,19.46,55.05,5.1
2023-06-21,19.55,53.35,0.0
2023-06-22,20.15,50.18,0.0
2023-06-23,19.79,52.93,0.0
2023-06-24,20.49,50.36,6.8
2023-06-25,20.47,52.08,19.1
2023-06-26,19.33,51.53,0.0
2023-06-27,19.49,54.75,0.0
2023-06-28,19.07,54.39,0.0
2023-06-29,19.35,51.66,0.0
2023-06-30,19.64,50.05,0.0
2023-07-01,18.97,53.18,0.0
2023-07-02,18.4,56.2,3.3
2023-07-03,18.98,54.09,4.3
2023-07-04,20.18,49.92,4.9
2023-07-05,20.19,51.81,20.5
2023-07-06,19.92,53.44,21.4
2023-07-07,19.85,52.45,9.8
2023-07-08,20.68,52.68,16.5
2023-07-09,20.45,53.88,10.3
2023-07-10,19.2,57.59,21.0
2023-07-11,18.59,54.52,0.9
2023-07-12,17.25,52.19,12.4
2023-07-13,20.04,55.79,9.4
2023-07-14,20.39,50.54,1.8
2023-07-15,19.81,54.88,0.7
2023-07-16,19.72,55.69,0.7
2023-07-17,19.67,56.07,3.3
2023-07-18,19.85,59.87,3.2
2023-07-19,20.3,53.56,2.8
2023-07-20,21.23,50.78,3.0
2023-07-21,20.9,49.79,0.0
2023-07-22,20.82,53.6,2.2
2023-07-23,21.13,50.68,2.7
2023-07-24,21.43,48.09,2.8
2023-07-25,21.93,46.38,3.9
2023-07-26,21.59,48.25,0.7
2023-07-27,21.67,47.91,0.0
2023-07-28,21.44,51.34,0.0
2023-07-29,21.73,49.03,0.0
2023-07-30,21.51,47.42,0.0
2023-07-31,21.23,53.01,1.7
2023-08-01,20.7,54.58,0.2
2023-08-03,23.0,42.24,0.5
2023-08-05,22.02,45.73,3.8
2023-08-07,21.47,52.5,0.8
2023-08-08,21.05,57.68,2.1
2023-08-09,22.35,54.44,11.4
2023-08-10,22.61,49.58,5.7
2023-08-11,22.6,52.2,23.9
2023-08-12,22.86,52.47,22.7
2023-08-13,21.92,55.87,9.7
2023-08-14,22.97,52.15,28.8
2023-08-15,22.61,57.5,78.6
2023-08-16,24.18,55.2,36.6
2023-08-17,23.56,52.5,18.9
2023-08-18,23.27,55.12,22.0
2023-08-19,22.83,56.99,34.7
2023-08-20,20.85,60.41,31.6
2023-08-21,19.59,58.58,16.2
2023-08-22,18.94,56.72,3.6
2023-08-23,20.75,55.2,4.1
2023-08-24,21.05,60.08,9.2
2023-08-25,20.71,66.63,71.9
2023-08-26,19.93,62.8,32.6
2023-08-27,19.8,66.67,58.6
2023-08-28,22.54,57.16,44.5
2023-08-29,23.01,56.04,6.9
2023-08-30,21.86,54.72,0.0
2023-08-31,23.78,42.26,2.5
2023-09-01,23.57,45.36,0.0
2023-09-02,25.13,46.32,1.1
2023-09-03,24.37,49.68,29.3
2023-09-04,22.98,52.87,16.1
2023-09-05,23.66,47.67,13.0
2023-09-06,23.23,49.49,0.0
2023-09-07,25.2,40.74,2.6
2023-09-08,24.77,43.31,2.0
2023-09-09,25.17,40.05,5.1
2023-09-10,22.98,49.52,8.3
2023-09-11,24.97,39.5,6.7
2023-09-12,25.18,40.38,6.3
2023-09-13,26.56,39.45,10.2
2023-09-14,25.71,41.77,14.4
2023-09-15,26.47,38.25,0.0
2023-09-16,26.87,38.61,0.2
2023-09-17,27.63,31.19,0.0
2023-09-18,26.86,35.0,6.4
2023-09-19,25.6,46.19,10.6
2023-09-20,26.08,45.05,13.5
2023-09-21,27.73,41.44,0.6
2023-09-22,25.84,49.54,9.6
2023-09-23,27.58,45.67,29.7
2023-09-24,27.93,47.02,40.6
2023-09-25,27.58,49.14,37.9
2023-09-26,26.2,54.23,26.3
2023-09-27,25.62,55.45,69.5
2023-09-28,24.39,59.93,70.7
2023-09-29,25.65,58.59,78.7
2023-09-30,24.51,64.03,173.4
2023-10-01,24.28,65.61,143.8
2023-10-02,26.81,59.27,95.9
2023-10-03,26.12,59.31,58.3
2023-10-04,27.61,54.54,46.0
2023-10-05,27.02,59.08,121.5
2023-10-06,27.29,56.31,33.2
2023-10-07,27.3,57.12,57.6
2023-10-08,25.72,59.35,40.4
2023-10-09,25.57,61.52,54.3
2023-10-10,27.09,53.43,24.9
2023-10-11,24.91,60.5,20.3
2023-10-12,24.64,61.78,26.4
2023-10-13,23.71,64.42,18.6
2023-10-14,25.68,57.67,45.9
2023-10-15,27.1,55.14,59.1
2023-10-16,24.91,62.48,29.4
2023-10-17,25.19,60.54,25.5
2023-10-18,24.48,64.65,50.2
2023-10-19,25.64,61.0,58.2
2023-10-20,23.62,66.06,118.1
2023-10-21,25.29,59.17,54.6
2023-10-22,25.78,60.28,135.1
2023-10-23,26.73,58.7,119.9
2023-10-24,25.89,61.53,103.0
2023-10-25,25.86,65.51,151.1
2023-10-26,26.14,64.59,150.4
2023-10-27,25.42,66.63,136.6
2023-10-28,25.86,66.66,97.2
2023-10-29,26.48,62.15,97.0
2023-10-30,25.51,61.14,41.6
2023-10-31,25.27,60.22,53.7
2023-11-01,25.72,54.4,14.5
2023-11-02,26.52,51.25,10.9
2023-11-03,26.72,51.83,34.8
2023-11-04,26.51,51.78,40.1
2023-11-05,27.67,45.74,22.9
2023-11-06,26.92,49.26,5.0
2023-11-07,29.33,40.04,8.5
2023-11-08,30.03,38.59,18.1
2023-11-09,31.21,39.37,32.1
2023-11-10,30.27,42.15,13.2
2023-11-11,30.79,40.56,43.8
2023-11-12,29.15,45.49,49.0
2023-11-13,28.78,49.75,107.0
2023-11-14,27.84,53.22,91.2
2023-11-15,29.02,49.75,47.3
2023-11-16,29.34,48.16,31.5
2023-11-17,27.7,53.34,69.7
2023-11-18,28.36,54.2,55.7
2023-11-19,26.5,61.25,180.3
2023-11-20,26.69,55.97,36.5
2023-11-21,26.06,55.96,28.7
2023-11-22,25.96,61.97,109.6
2023-11-23,25.47,62.18,77.9
2023-11-24,24.13,68.05,122.6
2023-11-25,25.84,60.48,65.6
2023-11-26,25.8,64.88,133.9
2023-11-28,25.53,67.59,146.4
2023-11-29,26.66,60.43,76.9
2023-11-30,27.72,58.07,72.0
2023-12-01,26.01,61.96,41.9
2023-12-02,25.94,59.74,58.1
2023-12-03,25.8,60.49,74.2
2023-12-04,25.1,63.06,130.7
2023-12-05,24.61,66.15,140.0
2023-12-06,25.56,67.78,167.2
2023-12-07,26.18,63.4,186.1
2023-12-08,25.79,65.89,119.6
2023-12-09,26.34,61.09,91.5
2023-12-10,25.84,59.01,30.0
2023-12-11,25.55,60.79,17.8
2023-12-12,26.19,59.62,7.2
2023-12-13,25.68,61.13,2.3
2023-12-14,25.49,61.88,90.3
2023-12-15,26.15,61.73,81.7
2023-12-16,26.87,60.52,72.4
2023-12-17,26.28,58.16,19.3
2023-12-18,25.4,64.87,106.6
2023-12-19,25.11,65.55,86.6
2023-12-20,26.51,60.77,76.0
2023-12-21,26.45,61.26,111.0
2023-12-22,26.13,59.01,67.0
2023-12-23,27.25,56.15,64.1
2023-12-24,24.58,63.93,39.9
2023-12-25,24.65,61.0,30.8
2023-12-26,25.25,62.1,45.0
2023-12-27,24.23,63.76,4.3
2023-12-28,24.21,63.42,17.6
2023-12-29,25.0,61.98,31.5
2023-12-30,24.27,63.25,5.9
2023-12-31,25.21,62.37,20.2
