Data,Temp_WRF,UR_WRF,Prec_WRF
2023-01-01,21.07,80.74,75.4
2023-01-02,20.95,81.51,103.8
2023-01-03,20.55,81.25,86.2
2023-01-04,20.79,84.21,85.3
2023-01-05,19.93,83.27,54.9
2023-01-06,20.24,80.97,41.5
2023-01-07,20.89,80.77,45.1
2023-01-08,22.03,79.77,30.9
2023-01-09,22.53,81.14,58.6
2023-01-10,23.12,81.25,52.2
2023-01-11,23.36,81.22,83.7
2023-01-12,23.68,80.04,62.4
2023-01-13,23.76,77.94,76.4
2023-01-14,23.98,72.77,76.7
2023-01-15,23.35,76.99,90.1
2023-01-16,23.12,78.93,71.5
2023-01-17,23.19,78.98,64.4
2023-01-18,23.01,79.21,100.5
2023-01-19,23.22,77.94,47.7
2023-01-20,22.67,78.9,83.8
2023-01-21,23.03,76.0,37.9
2023-01-22,23.31,77.35,27.4
2023-01-23,23.5,70.02,15.6
2023-01-24,23.84,64.46,2.6
2023-01-25,23.76,67.02,24.4
2023-01-26,23.8,68.11,22.1
2023-01-27,23.51,73.93,46.7
2023-01-28,23.01,79.79,81.9
2023-01-29,22.89,82.0,109.7
2023-01-30,22.62,83.4,92.2
2023-01-31,23.06,83.7,92.2
2023-02-01,22.96,83.74,88.5
2023-02-02,23.13,79.6,82.7
2023-02-03,22.88,81.79,93.5
2023-02-04,23.65,73.82,28.4
2023-02-05,22.45,79.42,73.9
2023-02-06,22.44,76.47,39.5
2023-02-07,22.5,76.52,28.4
2023-02-08,23.06,74.21,63.4
2023-02-09,23.29,75.58,63.1
2023-02-10,23.1,79.95,67.2
2023-02-11,22.98,82.89,89.7
2023-02-12,23.22,82.47,98.9
2023-02-13,23.05,80.82,69.7
2023-02-14,22.67,82.77,59.5
2023-02-15,22.53,81.88,57.0
2023-02-16,23.11,79.99,39.5
2023-02-17,23.19,77.21,30.5
2023-02-18,22.49,80.32,58.2
2023-02-19,22.3,78.65,29.9
2023-02-20,23.04,77.94,45.6
2023-02-21,23.35,77.2,38.4
2023-02-22,23.35,79.0,73.6
2023-02-23,23.89,78.06,65.9
2023-02-24,23.76,78.85,69.1
2023-02-25,24.28,76.34,61.8
2023-02-26,24.49,74.64,46.9
2023-02-27,24.21,73.74,32.4
2023-02-28,23.51,77.69,86.2
2023-03-01,24.0,73.98,46.0
2023-03-02,24.71,70.69,27.1
2023-03-03,23.57,77.94,89.6
2023-03-04,23.74,77.09,53.5
2023-03-05,24.15,73.22,50.7
2023-03-06,23.67,75.97,56.0
2023-03-07,23.87,74.74,63.3
2023-03-08,23.45,73.35,34.8
2023-03-09,22.23,78.09,51.3
2023-03-10,22.78,73.67,58.1
2023-03-11,22.35,77.07,42.5
2023-03-12,22.67,71.89,13.1
2023-03-13,22.74,70.91,24.6
2023-03-14,22.95,67.14,3.0
2023-03-15,23.45,66.28,2.9
2023-03-16,23.61,66.7,3.0
2023-03-17,23.64,69.96,14.5
2023-03-18,23.25,75.31,44.1
2023-03-19,23.63,71.43,29.9
2023-03-20,23.12,71.43,21.4
2023-03-21,23.71,70.88,15.4
2023-03-22,24.03,69.03,9.9
2023-03-23,23.97,70.79,16.6
2023-03-24,24.16,70.96,24.0
2023-03-25,23.05,73.83,26.9
2023-03-26,22.78,75.38,27.8
2023-03-27,22.44,78.71,61.3
2023-03-28,22.04,77.48,38.3
2023-03-29,21.93,74.73,26.7
2023-03-30,21.99,72.8,21.3
2023-03-31,21.58,70.12,4.1
2023-04-01,21.6,71.04,5.8
2023-04-02,20.82,71.86,0.7
2023-04-03,21.6,70.51,6.1
2023-04-04,21.65,73.09,29.4
2023-04-05,21.74,76.1,24.2
2023-04-06,21.55,77.69,30.5
2023-04-07,20.82,76.09,30.6
2023-04-08,20.98,73.48,7.7
2023-04-09,21.48,73.18,7.4
2023-04-10,21.52,71.36,30.7
2023-04-11,21.64,74.53,21.2
2023-04-12,21.55,74.65,19.6
2023-04-13,22.31,72.46,12.0
2023-04-14,22.16,78.62,40.9
2023-04-15,21.42,79.04,18.0
2023-04-16,20.23,74.67,36.2
2023-04-17,19.54,71.43,64.2
2023-04-18,19.61,69.98,77.0
2023-04-19,19.16,65.32,15.2
2023-04-20,18.77,64.56,0.0
2023-04-21,20.05,64.43,1.6
2023-04-22,20.08,67.01,4.7
2023-04-23,20.28,66.64,7.7
2023-04-24,20.17,70.51,15.4
2023-04-25,20.29,73.67,17.2
2023-04-26,20.09,71.89,7.6
2023-04-27,20.79,71.92,3.9
2023-04-28,21.03,71.69,4.9
2023-04-29,21.29,68.83,0.9
2023-04-30,20.93,71.08,11.6
2023-05-01,20.78,68.2,1.1
2023-05-02,21.51,67.56,2.4
2023-05-03,22.62,65.43,6.1
2023-05-04,22.27,67.61,8.4
2023-05-05,21.81,71.55,5.2
2023-05-06,21.04,71.84,9.8
2023-05-07,20.12,75.72,13.0
2023-05-08,19.25,75.22,10.8
2023-05-09,18.4,76.22,4.0
2023-05-10,17.25,74.98,10.1
2023-05-11,17.63,70.61,0.2
2023-05-12,17.67,67.96,0.0
2023-05-13,17.15,65.77,0.0
2023-05-14,16.85,68.39,0.0
2023-05-15,16.82,67.24,0.0
2023-05-16,17.09,64.95,0.0
2023-05-17,17.65,66.91,0.2
2023-05-18,18.37,61.84,0.0
2023-05-19,18.96,59.27,0.0
2023-05-20,19.66,59.21,1.4
2023-05-21,20.25,60.17,2.8
2023-05-22,20.2,61.11,0.6
2023-05-23,19.18,66.05,19.8
2023-05-24,19.53,66.03,11.3
2023-05-25,19.63,66.54,7.9
2023-05-26,19.17,71.91,5.3
2023-05-27,18.8,74.9,15.9
2023-05-28,17.88,78.65,40.9
2023-05-29,18.0,74.9,12.7
2023-05-30,17.53,74.62,36.0
2023-05-31,17.21,74.45,28.1
2023-06-01,17.88,70.14,0.0
2023-06-02,18.09,66.07,0.0
2023-06-03,18.21,59.56,0.0
2023-06-04,18.62,55.71,0.0
2023-06-05,18.24,56.04,0.0
2023-06-06,19.1,57.58,0.0
2023-06-07,19.38,53.69,0.0
2023-06-08,18.6,61.6,1.4
2023-06-09,18.17,65.63,37.5
2023-06-10,18.43,70.25,43.1
2023-06-11,17.95,76.18,60.2
2023-06-12,17.87,76.34,39.6
2023-06-13,17.1,79.85,33.3
2023-06-14,15.73,79.15,16.7
2023-06-15,15.78,75.07,6.7
2023-06-16,15.99,67.1,0.2
2023-06-17,16.22,64.64,0.9
2023-06-18,17.89,60.07,0.1
2023-06-19,18.55,58.05,0.2
2023-06-20,18.42,57.58,0.0
2023-06-21,19.95,49.95,0.0
2023-06-22,19.92,50.47,0.0
2023-06-23,19.7,53.87,0.0
2023-06-24,19.8,56.82,0.0
2023-06-25,19.54,58.55,0.0
2023-06-26,18.38,62.93,0.1
2023-06-27,17.81,65.09,0.3
2023-06-28,18.34,63.13,0.3
2023-06-29,16.52,68.46,0.0
2023-06-30,16.95,64.67,0.3
2023-07-01,17.18,63.21,0.0
2023-07-02,17.49,58.05,0.0
2023-07-03,18.01,52.17,0.2
2023-07-04,19.05,46.69,0.0
2023-07-05,20.37,43.26,0.0
2023-07-06,20.65,48.75,0.4
2023-07-07,20.6,50.74,30.6
2023-07-08,20.72,51.22,6.3
2023-07-09,19.76,54.26,8.0
2023-07-10,19.11,53.86,0.1
2023-07-11,18.74,53.54,0.0
2023-07-12,17.66,53.63,0.1
2023-07-13,18.04,58.15,4.7
2023-07-14,18.03,60.35,0.2
2023-07-15,17.66,64.17,0.1
2023-07-16,17.96,64.77,2.2
2023-07-17,17.85,64.74,0.0
2023-07-18,18.54,64.47,0.0
2023-07-19,19.01,58.65,0.0
2023-07-20,19.25,57.7,0.1
2023-07-21,20.22,50.03,0.0
2023-07-22,20.79,49.89,0.3
2023-07-23,20.9,51.46,0.4
2023-07-24,20.63,56.9,0.3
2023-07-25,20.9,57.65,0.0
2023-07-26,20.39,59.01,0.1
2023-07-27,20.17,59.58,0.2
2023-07-28,19.76,55.85,0.0
2023-07-29,19.88,53.11,0.0
2023-07-30,20.44,51.47,0.0
2023-07-31,20.47,52.21,0.0
2023-08-01,21.18,48.8,0.1
2023-08-02,22.42,41.96,0.1
2023-08-03,21.77,43.72,0.0
2023-08-04,22.58,41.58,0.0
2023-08-05,22.18,46.42,0.0
2023-08-06,22.18,50.56,0.5
2023-08-07,22.64,50.11,2.8
2023-08-08,20.94,61.04,9.3
2023-08-09,21.32,59.95,5.3
2023-08-10,21.53,57.83,6.4
2023-08-11,21.87,56.87,10.9
2023-08-12,22.29,56.67,0.0
2023-08-13,21.54,57.28,1.5
2023-08-14,21.39,54.21,2.3
2023-08-15,21.06,48.36,1.3
2023-08-16,21.36,54.94,6.8
2023-08-17,22.79,48.53,5.6
2023-08-18,23.61,42.19,4.5
2023-08-19,23.15,51.12,12.6
2023-08-20,22.05,50.87,1.3
2023-08-21,22.42,52.9,0.7
2023-08-22,20.38,55.88,1.5
2023-08-23,18.73,58.24,0.0
2023-08-24,18.66,62.33,2.8
2023-08-25,17.3,68.53,19.7
2023-08-26,17.37,67.54,5.1
2023-08-27,19.33,65.39,23.0
2023-08-28,20.49,60.95,25.1
2023-08-29,22.42,53.58,2.9
2023-08-30,22.17,57.62,21.0
2023-08-31,23.84,50.59,1.1
2023-09-01,24.55,50.37,1.7
2023-09-02,25.53,50.37,1.0
2023-09-03,24.06,56.48,8.8
2023-09-04,23.52,51.61,1.0
2023-09-05,19.77,70.53,3.9
2023-09-06,23.52,49.12,0.0
2023-09-07,24.6,42.55,0.0
2023-09-08,24.92,41.19,0.3
2023-09-09,24.98,37.39,0.9
2023-09-10,22.47,50.4,11.6
2023-09-11,24.81,47.76,2.8
2023-09-12,24.33,41.13,6.1
2023-09-13,24.57,40.88,1.6
2023-09-14,24.75,45.4,5.0
2023-09-15,25.73,41.14,0.1
2023-09-16,27.3,34.38,0.1
2023-09-17,28.26,28.75,0.2
2023-09-18,28.73,28.89,0.8
2023-09-19,28.92,30.77,0.2
2023-09-20,28.24,38.21,0.0
2023-09-21,25.16,50.03,0.0
2023-09-22,26.33,48.83,0.0
2023-09-23,27.05,51.81,0.1
2023-09-24,27.43,50.37,0.8
2023-09-25,26.68,52.14,5.0
2023-09-26,24.49,60.34,1.7
2023-09-27,23.69,61.97,2.2
2023-09-28,23.52,63.48,17.4
2023-09-29,24.13,62.79,23.6
2023-09-30,22.83,69.77,104.9
2023-10-01,22.76,69.96,78.8
2023-10-02,23.74,73.53,110.1
2023-10-03,27.26,56.11,2.8
2023-10-04,26.87,57.37,2.6
2023-10-05,26.21,61.44,5.7
2023-10-06,25.7,60.83,6.6
2023-10-07,24.53,66.24,31.8
2023-10-08,24.33,65.15,28.1
2023-10-09,22.73,69.38,36.3
2023-10-10,22.99,64.2,4.3
2023-10-11,23.34,63.57,4.4
2023-10-12,23.34,65.63,9.1
2023-10-13,21.8,68.87,9.2
2023-10-14,21.68,68.21,30.8
2023-10-15,23.05,68.09,10.8
2023-10-16,22.57,66.26,2.6
2023-10-17,22.96,65.83,0.4
2023-10-18,22.53,63.14,0.3
2023-10-19,22.99,61.77,3.0
2023-10-20,24.15,60.16,4.0
2023-10-21,24.2,61.51,25.0
2023-10-22,25.27,59.6,30.1
2023-10-23,25.53,63.65,62.4
2023-10-24,23.78,73.4,115.3
2023-10-25,23.75,77.78,112.1
2023-10-26,24.43,74.24,94.8
2023-10-27,25.13,73.19,71.5
2023-10-28,24.36,73.72,59.3
2023-10-29,25.06,72.96,54.2
2023-10-30,23.46,72.34,47.9
2023-10-31,22.64,72.18,49.7
2023-11-01,21.41,65.37,16.2
2023-11-02,22.16,55.86,1.0
2023-11-03,21.79,52.96,0.6
2023-11-04,22.79,47.95,0.5
2023-11-05,24.89,48.85,0.0
2023-11-06,26.33,43.36,0.0
2023-11-07,27.54,44.28,0.0
2023-11-08,28.18,44.2,0.7
2023-11-09,29.53,41.71,0.6
2023-11-10,30.42,41.8,1.2
2023-11-11,31.92,35.32,1.7
2023-11-12,31.63,35.0,0.5
2023-11-13,30.36,43.18,24.4
2023-11-14,27.41,57.26,93.0
2023-11-15,27.09,55.21,34.2
2023-11-16,27.37,48.62,15.8
2023-11-17,28.62,51.23,5.9
2023-11-18,28.81,50.25,4.5
2023-11-19,25.46,60.6,18.6
2023-11-20,24.59,62.94,10.1
2023-11-21,23.36,69.01,39.4
2023-11-22,21.96,76.87,99.3
2023-11-23,22.16,76.71,71.3
2023-11-24,21.11,76.3,48.9
2023-11-25,22.17,74.61,31.1
2023-11-26,23.97,73.09,78.9
2023-11-27,25.04,72.56,61.1
2023-11-28,25.23,70.11,70.5
2023-11-29,25.59,66.38,21.4
2023-11-30,26.05,66.36,24.2
2023-12-01,26.63,63.87,33.2
2023-12-02,25.9,65.52,36.7
2023-12-03,25.59,67.16,33.3
2023-12-04,24.54,70.86,54.5
2023-12-05,23.81,70.46,30.3
2023-12-06,24.11,68.78,51.1
2023-12-07,23.32,70.72,55.4
2023-12-08,23.92,70.88,33.1
2023-12-09,24.17,70.75,38.3
2023-12-10,24.48,66.39,23.4
2023-12-11,26.29,55.7,16.6
2023-12-12,26.83,53.56,0.0
2023-12-13,27.8,49.0,0.0
2023-12-14,27.33,51.47,0.4
2023-12-15,27.05,52.17,0.6
2023-12-16,26.53,60.28,10.3
2023-12-17,25.75,63.65,28.2
2023-12-18,25.46,63.15,19.3
2023-12-19,25.64,63.86,20.7
2023-12-20,25.54,66.46,59.5
2023-12-21,25.75,68.83,56.9
2023-12-22,24.64,69.52,53.2
2023-12-23,24.5,67.21,67.4
2023-12-24,25.44,63.14,56.9
2023-12-25,25.27,64.31,42.3
2023-12-26,25.16,67.86,36.2
2023-12-27,24.72,65.57,5.7
2023-12-28,23.69,62.88,2.5
2023-12-29,24.5,61.42,9.8
2023-12-30,22.69,70.74,47.4
2023-12-31,23.62,70.51,34.9
