Data,Temp_media,UR_media,Prec_total
2023-01-01,21.4,88.22,110.6
2023-01-02,22.2,87.41,100.8
2023-01-03,20.77,88.6,131.5
2023-01-04,20.68,89.05,132.1
2023-01-05,20.52,89.6,74.0
2023-01-06,20.98,88.45,86.6
2023-01-07,21.86,85.42,52.3
2023-01-08,22.4,88.18,85.5
2023-01-09,23.07,91.27,131.6
2023-01-10,23.55,91.15,331.4
2023-01-11,24.12,91.09,138.0
2023-01-12,24.47,88.24,90.2
2023-01-13,24.47,86.4,88.1
2023-01-14,24.45,82.65,61.7
2023-01-15,24.03,82.46,44.0
2023-01-16,23.5,85.03,65.6
2023-01-17,23.07,88.04,249.4
2023-01-18,23.18,89.36,96.8
2023-01-19,23.1,88.49,111.9
2023-01-20,23.09,88.4,221.8
2023-01-21,22.99,88.61,78.7
2023-01-22,23.57,88.17,78.8
2023-01-23,23.24,88.42,100.0
2023-01-24,23.24,84.29,61.3
2023-01-25,23.06,76.01,36.9
2023-01-26,23.22,80.88,57.5
2023-01-27,22.94,88.95,252.0
2023-01-28,23.13,91.49,301.3
2023-01-29,23.52,91.75,194.9
2023-01-30,23.62,91.58,135.9
2023-01-31,23.85,92.19,128.7
2023-02-01,23.59,92.63,192.5
2023-02-02,23.58,91.99,115.8
2023-02-03,23.31,89.44,118.4
2023-02-04,23.42,87.42,103.5
2023-02-05,22.92,88.49,55.4
2023-02-06,22.25,88.39,64.5
2023-02-07,23.0,87.68,41.8
2023-02-08,23.14,86.16,60.1
2023-02-09,23.91,84.24,69.1
2023-02-10,23.53,89.44,123.9
2023-02-11,22.51,91.16,103.0
2023-02-12,24.2,88.34,114.6
2023-02-13,23.04,90.01,127.6
2023-02-14,23.22,85.9,73.0
2023-02-15,23.39,89.21,114.0
2023-02-16,23.95,86.25,64.4
2023-02-17,23.46,86.22,45.9
2023-02-18,23.18,88.37,55.7
2023-02-19,23.71,88.01,54.5
2023-02-20,24.29,88.05,105.9
2023-02-21,24.5,86.29,74.1
2023-02-22,24.33,85.91,56.7
2023-02-23,24.53,86.97,133.8
2023-02-24,24.43,88.19,124.7
2023-02-25,24.35,87.99,101.3
2023-02-26,24.42,85.9,40.0
2023-02-27,24.07,85.75,44.8
2023-02-28,23.89,87.72,190.4
2023-03-01,23.95,85.48,48.9
2023-03-02,24.32,84.88,34.0
2023-03-03,24.44,84.04,33.2
2023-03-04,24.6,83.31,44.5
2023-03-05,24.25,86.21,64.5
2023-03-06,24.13,86.92,63.8
2023-03-07,23.47,84.67,94.3
2023-03-08,23.98,89.68,123.6
2023-03-09,23.2,87.65,64.9
2023-03-10,22.56,84.72,62.8
2023-03-11,22.94,83.1,40.4
2023-03-12,22.71,82.94,33.7
2023-03-13,22.91,79.22,16.8
2023-03-14,22.6,79.65,13.1
2023-03-15,22.55,81.73,20.0
2023-03-16,23.33,77.19,11.2
2023-03-17,23.45,79.89,20.4
2023-03-18,23.61,84.44,41.8
2023-03-19,22.89,81.53,23.6
2023-03-20,23.37,78.2,17.9
2023-03-21,24.35,71.77,1.8
2023-03-22,23.87,75.15,8.9
2023-03-23,23.97,77.42,18.5
2023-03-24,24.3,81.0,20.9
2023-03-25,23.19,83.15,49.3
2023-03-26,23.17,82.94,50.4
2023-03-27,22.29,83.63,42.7
2023-03-28,21.91,85.64,45.0
2023-03-29,22.39,83.95,29.9
2023-03-30,22.61,79.82,25.0
2023-03-31,22.25,81.69,34.5
2023-04-01,22.05,76.82,11.7
2023-04-02,21.55,83.23,42.7
2023-04-03,21.59,82.94,29.3
2023-04-04,21.72,82.78,101.0
2023-04-05,22.09,82.21,29.9
2023-04-06,21.0,82.4,28.2
2023-04-07,21.51,80.47,19.3
2023-04-08,21.91,80.94,18.2
2023-04-09,22.33,78.76,25.1
2023-04-10,22.48,82.3,43.9
2023-04-11,22.28,84.53,36.6
2023-04-12,21.89,87.71,43.6
2023-04-13,22.54,88.89,49.4
2023-04-14,21.77,89.67,46.1
2023-04-15,20.9,82.07,39.9
2023-04-16,19.88,82.82,43.4
2023-04-17,19.42,85.37,88.5
2023-04-18,19.35,79.93,66.5
2023-04-19,18.61,76.57,20.8
2023-04-20,20.33,69.49,1.0
2023-04-21,20.66,71.66,0.4
2023-04-22,21.14,68.82,0.0
2023-04-23,21.56,68.21,1.6
2023-04-24,21.06,73.7,4.3
2023-04-25,20.69,80.61,15.3
2023-04-26,20.59,79.08,14.3
2023-04-27,21.57,70.0,1.7
2023-04-28,21.45,81.1,18.8
2023-04-29,21.99,82.99,13.4
2023-04-30,22.67,76.99,2.3
2023-05-01,21.43,75.47,1.2
2023-05-02,22.0,75.19,3.1
2023-05-03,22.02,73.84,3.9
2023-05-04,22.52,69.35,0.0
2023-05-05,23.36,70.89,4.0
2023-05-06,22.01,75.41,10.0
2023-05-07,20.81,82.97,30.5
2023-05-08,18.46,88.08,48.6
2023-05-09,18.25,83.11,22.9
2023-05-10,17.59,80.24,10.7
2023-05-11,17.01,75.71,0.1
2023-05-12,17.18,72.74,0.0
2023-05-13,17.31,72.33,0.0
2023-05-14,16.29,71.08,0.0
2023-05-15,17.1,67.01,0.0
2023-05-16,17.76,70.01,0.0
2023-05-17,18.59,72.68,0.0
2023-05-18,18.7,67.91,0.0
2023-05-19,19.72,68.33,0.0
2023-05-20,20.28,67.09,0.0
2023-05-21,20.59,68.72,6.0
2023-05-22,21.2,69.71,4.5
2023-05-23,21.21,69.02,1.5
2023-05-24,20.81,70.31,0.5
2023-05-25,19.38,77.31,3.3
2023-05-26,18.54,79.7,8.0
2023-05-27,18.79,80.71,4.6
2023-05-28,17.65,88.23,15.0
2023-05-29,17.36,84.76,36.5
2023-05-30,16.41,92.59,90.2
2023-05-31,16.38,88.3,19.2
2023-06-01,17.72,76.38,0.0
2023-06-02,17.67,74.6,0.0
2023-06-03,17.71,73.31,0.0
2023-06-04,17.61,72.13,0.0
2023-06-05,16.85,72.43,-999.9
2023-06-06,17.22,73.82,0.0
2023-06-07,17.68,73.57,-999.9
2023-06-08,17.96,74.89,0.0
2023-06-09,17.95,76.5,3.3
2023-06-10,18.07,79.15,7.2
2023-06-11,18.15,82.05,6.0
2023-06-12,16.69,88.41,-991.4
2023-06-13,16.51,91.89,-985.3
2023-06-14,16.11,89.38,13.9
2023-06-15,15.67,85.77,-995.7
2023-06-16,16.41,75.84,2.6
2023-06-20,18.77,68.32,0.5
2023-06-21,19.2,67.01,-999.9
2023-06-22,19.05,69.47,1.0
2023-06-23,18.49,72.19,1.0
2023-06-24,18.45,73.39,0.0
2023-06-25,19.15,72.97,0.0
2023-06-26,17.33,76.43,0.0
2023-06-27,17.45,74.7,-999.9
2023-06-28,17.71,70.63,0.0
2023-06-29,16.52,75.58,0.0
2023-06-30,16.58,73.71,0.0
2023-07-01,16.39,67.35,0.0
2023-07-02,16.7,70.5,-999.9
2023-07-03,17.34,69.47,-999.9
2023-07-04,17.26,69.77,0.0
2023-07-05,18.25,66.73,0.0
2023-07-06,17.58,69.36,0.0
2023-07-07,17.45,77.71,-995.9
2023-07-08,18.88,76.36,-993.6
2023-07-09,18.42,77.21,5.0
2023-07-10,18.17,67.44,0.2
2023-07-11,17.7,66.44,-999.9
2023-07-12,15.5,67.82,0.0
2023-07-13,16.63,71.07,0.6
2023-07-14,15.96,71.99,-999.9
2023-07-15,16.08,76.75,0.0
2023-07-16,18.12,75.05,0.9
2023-07-17,18.71,74.95,0.5
2023-07-18,19.5,70.14,0.2
2023-07-19,20.22,66.64,0.0
2023-07-20,20.05,67.31,0.0
2023-07-22,19.56,76.29,0.4
2023-07-23,20.02,74.34,-998.8
2023-07-24,19.55,73.6,0.0
2023-07-25,18.46,74.98,0.0
2023-07-26,16.7,73.57,1.4
2023-07-27,17.78,74.43,1.0
2023-07-28,17.9,72.08,0.2
2023-07-29,17.34,71.96,0.1
2023-07-30,17.81,68.94,0.0
2023-07-31,19.09,66.79,0.0
2023-08-01,19.23,68.87,0.0
2023-08-02,19.71,63.71,0.0
2023-08-03,19.81,65.18,-999.9
2023-08-04,20.46,61.69,0.0
2023-08-05,20.56,64.53,-999.9
2023-08-06,20.9,63.63,-999.9
2023-08-07,20.2,68.65,-996.1
2023-08-08,20.54,71.2,2.9
2023-08-09,19.7,72.79,0.1
2023-08-10,19.65,76.06,3.3
2023-08-11,20.09,72.06,-999.0
2023-08-12,20.97,72.79,2.2
2023-08-13,20.26,74.82,3.8
2023-08-14,20.43,75.58,48.4
2023-08-15,20.71,78.4,26.3
2023-08-17,20.8,77.93,45.9
2023-08-18,20.12,82.34,93.9
2023-08-19,19.62,82.37,37.1
2023-08-21,19.48,75.18,15.7
2023-08-22,18.79,71.03,4.3
2023-08-23,16.51,77.53,16.4
2023-08-24,15.83,78.65,16.2
2023-08-25,15.42,75.62,4.7
2023-08-26,15.97,85.71,17.2
2023-08-27,16.23,78.66,0.8
2023-08-28,18.91,75.64,78.2
2023-08-29,20.82,71.78,7.6
2023-08-30,22.35,68.82,18.3
2023-08-31,23.68,60.66,0.5
2023-09-01,24.69,60.68,0.9
2023-09-03,23.1,74.12,18.5
2023-09-04,22.61,69.35,9.3
2023-09-05,22.75,67.88,7.7
2023-09-06,23.96,54.47,0.0
2023-09-07,25.03,52.93,0.0
2023-09-08,24.82,53.33,2.5
2023-09-09,22.79,60.91,2.4
2023-09-10,22.34,67.24,15.3
2023-09-11,22.2,60.99,2.6
2023-09-12,22.23,64.57,7.4
2023-09-13,23.23,62.99,3.5
2023-09-14,23.16,66.0,2.4
2023-09-15,24.6,56.15,0.0
2023-09-16,25.68,50.01,0.0
2023-09-17,26.13,48.34,0.0
2023-09-18,25.92,48.44,0.2
2023-09-19,26.4,53.5,0.0
2023-09-22,25.08,63.24,1.8
2023-09-23,26.5,58.22,1.5
2023-09-24,25.76,64.53,12.0
2023-09-25,25.05,68.65,48.5
2023-09-26,23.07,69.03,-969.5
2023-09-27,22.72,73.13,16.0
2023-09-28,22.66,76.82,54.9
2023-09-29,22.34,79.71,56.6
2023-09-30,22.91,76.28,-909.2
2023-10-01,21.84,79.77,-919.9
2023-10-02,21.8,84.29,53.6
2023-10-03,24.87,77.65,40.2
2023-10-04,25.83,73.51,20.4
2023-10-05,25.46,72.58,-984.3
2023-10-07,25.12,77.92,31.3
2023-10-10,22.97,74.49,14.4
2023-10-11,22.64,77.52,25.0
2023-10-12,22.43,80.63,16.7
2023-10-13,22.47,79.44,13.5
2023-10-15,22.99,80.22,24.9
2023-10-16,24.08,68.1,7.0
2023-10-20,23.61,72.29,43.4
2023-10-21,23.9,73.41,31.4
2023-10-23,24.26,76.64,118.0
2023-10-24,23.15,80.64,194.7
2023-10-25,22.09,86.79,117.2
2023-10-26,23.49,86.42,80.3
2023-10-27,24.42,86.9,121.4
2023-10-28,24.72,85.56,64.8
2023-10-29,24.28,81.26,52.2
2023-10-30,23.74,82.48,47.6
2023-11-01,23.21,64.94,3.9
2023-11-02,23.19,64.65,11.7
2023-11-03,23.17,70.13,11.0
2023-11-04,24.24,57.39,1.2
2023-11-05,24.69,58.22,2.5
2023-11-06,24.94,60.6,4.0
2023-11-07,26.54,55.8,1.6
2023-11-09,30.16,47.74,1.2
2023-11-17,27.8,66.36,34.5
2023-11-18,28.29,64.42,19.9
2023-11-19,25.5,76.87,50.2
2023-11-20,23.33,79.94,93.8
2023-11-21,23.16,85.76,54.5
2023-11-22,22.37,86.31,100.4
2023-11-23,21.94,87.21,89.7
2023-11-24,22.11,82.13,129.6
2023-11-25,21.98,86.99,242.2
2023-11-26,23.05,86.23,96.1
2023-11-27,24.38,78.08,46.1
2023-11-28,24.12,83.6,164.9
2023-11-29,24.42,75.08,33.9
2023-11-30,25.87,73.8,64.0
2023-12-01,26.99,69.61,42.5
2023-12-02,25.84,75.7,104.6
2023-12-03,25.15,77.87,60.1
2023-12-04,25.34,76.06,33.9
2023-12-05,24.8,81.04,75.8
2023-12-06,26.12,76.08,50.8
2023-12-07,25.54,77.38,32.1
2023-12-08,23.76,79.79,34.9
2023-12-09,23.86,71.23,16.9
2023-12-10,24.18,73.38,19.9
2023-12-11,26.51,60.66,4.0
2023-12-12,27.58,52.21,0.1
2023-12-13,27.55,53.97,0.0
2023-12-14,27.58,57.31,2.0
2023-12-15,27.06,59.61,6.5
2023-12-16,26.51,66.99,24.7
2023-12-17,26.73,66.81,60.8
2023-12-18,26.34,69.75,133.9
2023-12-19,26.21,69.5,82.5
2023-12-20,26.24,69.17,10.4
2023-12-21,25.27,72.1,44.4
2023-12-22,24.37,82.25,116.1
2023-12-23,25.24,74.37,42.2
2023-12-24,26.25,68.14,17.0
2023-12-25,25.9,68.53,30.0
2023-12-26,25.22,69.84,31.9
2023-12-27,25.6,57.9,8.1
2023-12-28,24.89,59.7,1.8
2023-12-29,24.88,65.92,7.4
2023-12-30,24.57,71.43,12.0
