Data,Temp_OBS,UR_OBS,Prec_OBS,Temp_ETA,UR_ETA,Prec_ETA,Temp_BRAMS,UR_BRAMS,Prec_BRAMS,Temp_WRF,UR_WRF,Prec_WRF
2023-01-01,25.325,66.04166667,0,23.11,75.04,0.7,23.69,83.33,13.1,22.98,77.25,6.6
2023-01-02,25.18181818,65.8,0,23.92,66.58,5.2,23.25,88.02,16.8,23.48,74.07,1.5
2023-01-03,25.15,68.40833333,0,25.21,65.36,13.5,23.41,89.93,12.3,23.45,74.41,5.9
2023-01-04,22.85217391,80.73043478,40.4,24.21,77.08,37.7,22.79,96.11,60.5,22.02,87.78,27.7
2023-01-05,18.86666667,86.85833333,9,20.54,74.32,4.1,20.22,92.06,7.4,20.92,84.19,6
2023-01-06,18.93913043,72.98695652,0,17.88,80.24,13.9,19.59,82.12,0,17.38,83.9,19.3
2023-01-07,19.55263158,70.33684211,0,17.75,81.46,23.9,18.46,86.32,0.5,17.28,83.58,8.4
2023-01-08,21.13636364,66.72272727,0,20.84,76.43,4.8,20.82,90.07,14.5,19.15,89.5,23.1
2023-01-09,21.90434783,73.29565217,2.2,22.52,73.36,1.3,22.16,93.07,8.8,21.32,75.41,2.7
2023-01-10,22.30434783,78.23478261,24.2,22.88,71.23,12.6,22.39,91.48,25.4,23.43,80.1,1
2023-01-11,22.35833333,80.4875,11.4,23.21,71.04,4.7,23.2,90.67,17,22.57,81.38,3.7
2023-01-12,22.66666667,78.23333333,17.4,22.99,71.23,15.4,23.24,92.08,15.7,22.44,81.02,6.6
2023-01-13,24.11666667,78.5875,23.4,26.18,58.22,3.3,22.65,92.25,10.3,22.93,80.26,1.7
2023-01-14,23.64583333,77.35,40,24.16,73.89,14.6,23.84,86.46,11.9,24.32,76.82,6.3
2023-01-15,25.27083333,76.59583333,5,22.49,74.34,25.8,23.6,89.35,6.1,24.05,78.63,13
2023-01-16,26.24166667,71.05,0.7,24.43,73.1,11,23.23,95.63,73.3,23.52,83.37,4.8
2023-01-17,25.89166667,69.3625,0,23.87,69.62,8.6,23.42,91.7,15.7,23.52,79.89,14.5
2023-01-18,25.35,66.42083333,2,25.27,60.44,0.5,24.25,85.75,2.6,23.12,80.51,11.3
2023-01-19,24.6625,68.97083333,33.6,24.38,65.85,15.9,23.55,86.66,6.7,22.76,81.11,31
2023-01-20,23.80625,74.5375,11,21.59,74.42,31.4,22.65,86.38,14.6,21.76,79.31,9.6
2023-01-21,23.85416667,75.53333333,3.8,21.8,81.02,19.3,21.8,86.42,9.6,21,88.42,29.7
2023-01-22,24.80416667,71.42083333,0,25.15,68.14,8.9,22.05,90.41,17,22.42,82.28,7.1
2023-01-23,24.825,75.15,0,22.9,77.02,10.8,23.04,92.32,17.5,23.05,83.87,18.9
2023-01-24,24.69166667,74.45,3.4,24.41,73.19,18.3,23.03,94.42,32.4,22.04,82.99,18.5
2023-01-25,25.17083333,62.725,0,25.28,61.52,6.2,22.2,89.73,6.5,23.01,78.3,5.7
2023-01-26,25.81666667,52.6375,0,24.7,70.87,21,22.41,88.72,95.2,22.62,76.79,4.3
2023-01-27,25.55,50.6625,0,25.04,68.55,5.1,23.32,91.26,76.8,23.58,74.39,6.4
2023-01-28,25.25416667,65.9375,0,25.12,69.68,0.1,23.52,91.91,15.2,22.78,81.06,10.6
2023-01-29,24.97272727,68.11818182,8.8,25.66,59.7,0.4,24.04,91.1,22.8,25.15,67.65,1
2023-01-30,24.21363636,72.79545455,4.5,24.29,70.47,17.8,21.57,95.49,15.1,24.03,66.92,0.3
2023-01-31,25.34583333,69.60833333,0.7,27.5,60.17,2.6,21.87,88.52,7.4,23.68,78.46,6.6
2023-02-01,24.32083333,76.74166667,27.4,23.59,73.08,13,21.33,91.46,14.7,23.4,76.93,10.3
2023-02-02,24.8125,75.95833333,6.8,23.77,73.9,4.3,23.08,94.94,66.9,23.77,77.23,22.5
2023-02-03,23.89583333,77.33333333,23.2,25.2,70.81,20.2,23.3,94.98,64.6,22.27,84.47,8
2023-02-04,23.8125,76.71666667,4.5,24.48,68.56,5.7,23.67,93.56,73.7,23.15,83.06,13.2
2023-02-05,24.875,76.2625,0,25.27,70.98,16,22.54,93.58,20.1,22.69,84.61,13.2
2023-02-06,23.98333333,79.675,11.9,25.4,68.48,0.4,22.42,92.83,23.7,23.32,84.46,27.1
2023-02-07,23.19583333,81.28333333,22.8,24.16,76.23,5.8,23.17,93.73,14.7,23.79,73.35,2.7
2023-02-08,23.85,75.24583333,4,25.56,66.98,7.2,22.99,89.5,13.6,23.39,68.31,0.7
2023-02-09,25.66666667,62.77916667,0,23.4,69.84,2.5,22.76,90.77,14.9,21.9,79.9,7.5
2023-02-10,25.05833333,67.925,0,21.98,78.04,22.3,22.98,89.44,20.4,23.09,71.33,3.8
2023-02-11,23.65,74.14166667,0.4,23.31,81.51,50.2,21.65,91.21,12.6,21.59,82.52,36.8
2023-02-12,24.00434783,75.43913043,1.5,25.01,63.13,2.9,22.78,89.31,2.9,22.02,79.85,13
2023-02-13,23.71363636,76.37272727,27.8,25.44,60.61,1.4,23.05,88.27,4.9,22.4,79.48,1.6
2023-02-14,24.44583333,77.36666667,1.1,24.94,69.04,13.5,24.59,84.91,10.5,23.45,77.77,5.8
2023-02-15,24.9875,73.49166667,6,25.98,55.15,4.1,24.66,88.72,4.5,23.76,80.48,18.4
2023-02-16,25.25217391,70.30434783,0,24.67,65.75,1.7,22.51,93.97,33,22.57,85.69,18.7
2023-02-17,23.86666667,77.10833333,48.6,24.11,72.15,11.6,20.12,88.03,5.2,22.69,87.44,17.6
2023-02-18,23.9,78.96666667,14.9,21.71,79.35,5.6,22.08,82.59,12.3,22.4,88.51,49.3
2023-02-19,20.99583333,77.09583333,2.5,20.94,78.2,2,22.21,89.9,5.4,19.55,78.1,1.8
2023-02-20,23.77916667,69.2,0.9,21.25,74.06,0.4,20.67,86.54,11,20.68,82.84,4.9
2023-02-21,24.48333333,70.29583333,0,22.03,72.64,0.7,22.76,81.77,5.9,21.09,85.98,7.6
2023-02-22,24.19130435,70.9173913,5.1,23.35,75.65,9.5,24.12,83.94,3.2,23.23,77.99,5.9
2023-02-23,24.58333333,69.92916667,0.7,25.13,65.06,1,24.91,85.47,10.1,23.85,77.73,5.1
2023-02-24,24.23333333,72.275,0.2,23.53,64.61,0.1,24.58,86.81,7.7,23.03,81.92,3.2
2023-02-25,25.2125,70.51666667,2.1,23.57,71.6,15.6,24.4,84.13,5.5,21.97,73.67,0.1
2023-02-26,25.5125,69.425,0,23.34,74.43,25,24.78,86.57,11.3,23.62,76.77,4.8
2023-02-27,25.54166667,71.0125,4.2,26.45,63.12,14.6,25.06,90.23,18.8,24.53,76.9,6.4
2023-02-28,23.7375,74.0125,2.5,27.37,56.9,0,24.78,90.35,22.5,22.98,84.06,9.8
2023-03-01,23.22916667,73.2375,6.8,28.02,53.85,0,23.8,90.37,9.5,23.21,80.47,6.5
2023-03-02,25.20833333,67.95833333,0,25.21,68.84,18.9,23.19,88.58,5.4,22.3,81.95,14.5
2023-03-03,27.25,59.0875,0,21.06,79.5,0.1,24.47,89.43,9.8,24.02,75.45,6.6
2023-03-04,23.3875,82.0125,26.6,24.84,66.31,5.4,24.36,88.23,9.9,24.89,70.73,1.4
2023-03-05,23.12083333,78.59166667,7.8,24.17,68.38,5.9,23.69,88.67,6.4,25,68.96,5
2023-03-06,24.6,67.86666667,0.9,21.01,74.75,0,22.99,89.5,8.7,22.93,83.05,10.8
2023-03-07,24.29583333,63.04583333,2.5,24.89,67.85,0.1,23.72,87.95,17.3,22.96,79.4,8.8
2023-03-08,25.05833333,62.85833333,5.5,24.55,64.92,5.8,24.34,86.12,6.9,23.87,74.95,7.6
2023-03-09,23.575,75.75833333,10.3,23.46,76.87,11.5,24.66,82.03,5.2,22.97,79.39,16.7
2023-03-10,23.26666667,77.2875,9.3,23.07,71.27,13.7,25,81.27,5.5,24.59,69.96,4.5
2023-03-11,21.95833333,83.83333333,26.5,24.28,67.08,23.6,24.67,84.35,4,25.8,62.05,0
2023-03-12,23.11666667,79.78333333,3.9,25.56,61.42,2.6,23.35,93.92,14.2,23.41,79.57,5.7
2023-03-13,23.65833333,75.65416667,4.7,22,69.42,0,21.6,87.01,5.5,22.78,78.73,8.4
2023-03-14,23.25416667,79.94166667,47.7,23.12,76.9,0,21.41,89.81,22.7,22.96,66.91,0.7
2023-03-15,24.025,73.25416667,0.9,24.67,71.22,1.5,23.97,90.01,9.9,21.2,74.03,0.1
2023-03-16,24.82916667,63.575,4.5,24.47,64.91,0,22.72,83.52,2.1,22.44,63.16,0.3
2023-03-17,24.38333333,60.675,0,21.24,75.51,0,23.22,74.39,0,23.05,65.12,0.4
2023-03-18,24.65416667,60.69166667,0,22.35,70.34,0.7,22.89,73.24,0.2,22.53,68.54,0.5
2023-03-19,25.75833333,61.4,0,22.43,69.5,2.4,22.81,73.92,0.2,22.83,68.61,0.4
2023-03-20,26.24166667,63.66666667,0,25.02,58.24,0.4,23.04,79.65,2.7,23.16,65.38,0
2023-03-21,24.35416667,67.7625,4.2,22.61,60.88,0,21.9,87.52,5,24.18,66.23,0.4
2023-03-22,25.075,63.10416667,0,23.95,69,4.6,22.79,80.4,1.5,23.79,63.65,0
2023-03-23,25.58333333,58.28333333,0,22.75,74.53,19.7,22.83,82.7,4.2,23.7,74.61,7.5
2023-03-24,25.70416667,64.29583333,0,23.01,78.88,17.3,23.72,86.12,9.1,22.79,80.88,8.3
2023-03-25,25.6625,60.35,0,20.57,76.55,0.3,23.58,84.42,8.6,22.85,79.23,7.4
2023-03-26,26.83333333,62.49166667,0,25.52,50.56,0,23,82.5,1.3,22.42,73.51,1.5
2023-03-27,24.725,67.27083333,0,23.54,64.59,0.2,25.68,73.15,0,24.14,72.25,3.1
2023-03-28,23.95833333,66.6875,15.3,24.49,64.68,7.6,24.54,70.09,0,23.54,76.32,1.6
2023-03-29,24.5,72.12083333,1.2,26.8,50.15,0,22.26,75.81,0,23.1,75.87,2.1
2023-03-30,24.46666667,69.95416667,1.3,27.74,48.44,0,23.07,84.53,5.5,23.43,77.5,10.5
2023-03-31,25.34782609,65.77826087,1,26.37,54.74,0,22.64,88.77,10.9,22.71,78.31,1.1
2023-04-01,24.4,68.96666667,0,24.74,58.74,2.9,22.63,85.15,7.9,21.4,79.79,2.5
2023-04-02,22.43333333,64.775,0,23.97,60.65,0,21.11,85.57,8.1,18.87,80.12,0.7
2023-04-03,22.32083333,63.75833333,0,23.58,61.56,9,16.81,81.43,0,19.14,71.1,0.2
2023-04-04,23.07916667,65.69583333,0,25.25,57.89,0,21.07,76.4,0,20.62,64.4,0
2023-04-05,22.325,67.8,0,21.75,64.68,0,21.93,85.65,1.7,21.5,66.81,0
2023-04-06,23.10416667,63.72916667,0,21.15,70.23,0,22.62,85.81,9.4,21.94,65.45,0
2023-04-07,20.67916667,83.30833333,26.6,24.48,62.32,1.3,21.85,84.78,6.3,21.07,76.7,3.1
2023-04-08,21.41666667,80.84583333,0,21.01,74.35,25.9,20.89,88.17,1.4,21.29,69.09,0
2023-04-09,21.625,70.65,0.4,22.69,75.71,0.2,21.23,92.97,11.4,22.02,74.32,0.9
2023-04-10,22.00833333,59.3,0,24,68.59,0,21.24,86.81,0.9,21.95,77.98,17.7
2023-04-11,21.85416667,63.75833333,0,19.6,43.74,0,20.95,78.73,0,22.18,77.35,2.4
2023-04-12,23.52083333,67.84583333,0,23.15,68.98,2.1,22.38,73.25,0,22.3,79.61,3.5
2023-04-13,23.825,72.23333333,1.9,25.44,58,0,22.04,74.9,0,21.67,71.95,0.7
2023-04-14,21.22608696,84.20869565,16.5,24.01,67.88,13,22.9,66.77,0,21.48,66.46,0.5
2023-04-15,22.26666667,78.87916667,1.4,20.86,77.15,5,23.55,75.95,4.6,21,81.15,1.3
2023-04-16,22.42916667,70.0125,0,19.09,74.89,0,21.93,92.42,10.7,20.48,75.29,0.7
2023-04-17,22.91666667,74.2125,1.7,23.2,74.04,20.9,22.71,85.03,5.3,19.97,70.19,0
2023-04-18,22.27916667,85.4,7.4,25.54,68,12.2,21.45,82.83,0,21.89,65.79,0
2023-04-19,21.42083333,77.64166667,17.8,23.91,62.79,7.2,20.44,90.76,10,23.14,66.49,2.2
2023-04-20,16.99583333,67.9875,0,22.38,79.54,25.8,20.98,93.87,11.4,22.4,84.92,11.8
2023-04-21,17.85833333,58.51666667,0,19.5,79.18,8.6,19.9,79,0.5,19.05,69.12,0
2023-04-22,20.09166667,60.78333333,0,21.69,76.23,2.9,17.6,80.81,0,16.47,68.73,0
2023-04-23,20.9125,64.01666667,0,23.21,72.7,3.2,17.95,86.52,0,18.62,69.45,0
2023-04-24,21.34583333,59.425,0,22.45,78.28,27.2,20.2,71,0,19.92,67.51,0
2023-04-25,20.64166667,65.15833333,0,19.84,78.25,1.8,18.94,77.98,0,19.97,66.49,0
2023-04-26,20.80416667,75.51666667,1.7,23.84,64.52,2,21.91,69.66,1,20.83,63.4,0
2023-04-27,20.15833333,83.44166667,0.2,23.9,55.72,0,23.42,76.57,0,21.55,70.98,1.6
2023-04-28,19.25833333,82.6375,4.2,24.16,55.66,0,21.45,70.59,0,19.32,70.98,0.6
2023-04-29,19.4875,71.75,0,24.55,56.11,0,18.68,70.29,0,19.12,68.82,0
2023-04-30,21.96956522,67.56086957,0,25.12,47.07,0,20.14,67.53,0,20.57,70.86,0
2023-05-01,21.55,72.11666667,0,24.33,58.23,0,21.03,74.2,0,20.76,71.94,0
2023-05-02,21.8,70.1625,0,22.08,56.75,0,20.24,79.26,0,21.68,65.07,0
2023-05-03,21.83333333,68.8875,0,24.45,60.8,0,22.83,63.06,0,22.42,64.11,0
2023-05-04,21.82916667,68.10833333,0,25.19,54.73,0,22.18,82.62,3.3,21.23,75.1,1.1
2023-05-05,23.13333333,63.25416667,0,25.32,55.63,0.6,22.63,89.88,17.7,21.74,72.32,0.1
2023-05-06,23.0125,70.72916667,0,23.47,62.32,0,22.13,84.41,0.7,18.48,84.55,3.5
2023-05-07,22.62083333,69.2375,0,23.16,64.29,4.6,21.04,78.38,0,18.6,72.96,0
2023-05-08,22.68333333,68.1,0,17.63,73.58,0.8,18.78,83.31,2.5,20.55,77.56,0.9
2023-05-09,21.6125,72.25833333,0,19.9,75.92,3.4,20.75,72.64,0,22.72,71.19,5.9
2023-05-10,21.3125,79.53333333,8.3,18.35,76.39,0,22.98,62.27,0,20.06,82.15,8.1
2023-05-11,20.70416667,72.97916667,0,20.75,74.73,2.8,22.32,72.72,3.2,18.09,77.07,0.1
2023-05-12,17.68333333,69.75,0,17.78,63.65,0,20.55,81.65,0.8,17.41,72.17,0
2023-05-13,16.8375,64.95416667,0,19.32,73.45,15.2,16.75,88.11,1.5,15.64,79.65,0.6
2023-05-14,17.0125,65.575,0,21.54,70.76,1.3,15.82,84.08,0,16.41,74.82,0.5
2023-05-15,16.34166667,66.70833333,0,21.75,69.23,23.6,13.2,76.08,0,16.47,72.97,0
2023-05-16,16.36666667,62.1625,0,18.17,71.49,0,14.1,76.79,0,16,70.03,0
2023-05-17,17.65,63.555,0,22.48,64.94,0.3,15.51,75.97,0,18.01,65.7,0
2023-05-18,16.60416667,66.65,0,20.12,50.47,0.9,17.68,67.49,0,19.13,60.88,0
2023-05-19,16.6125,68.175,0,19.84,61.01,0,19.27,68,0,18.3,63.58,0
2023-05-20,16.1875,70.85833333,0,23.22,68.35,16.3,19.04,65.27,0,17.62,64.08,0
2023-05-21,18.01666667,59.99166667,0,22.91,67.09,2.5,18.27,62.79,0,18.14,57.96,0
2023-05-22,18.80416667,57.60833333,0,23.68,47.46,0,18.82,63.47,0,18.97,55.73,0
2023-05-23,19.57916667,58.29583333,0,21.46,49.19,0,20.54,68.58,0,19.19,70.69,0.2
2023-05-24,20.45,57.09166667,0,20.1,55.47,0,21.17,70.55,0,19.92,56.98,0
2023-05-25,21.64583333,60.94166667,0,21.2,58.88,0,21.6,63.6,0,20.81,57.43,0
2023-05-26,21.60833333,58.35416667,0,19.99,64.75,0,23.63,60.76,0,20.83,60.85,0.2
2023-05-27,20.84583333,60.95,0,20.32,55.83,0,21.28,70.85,3.5,21.69,65.63,2.4
2023-05-28,19.46666667,73.50833333,0.2,20.33,57.93,4.9,21.74,73.84,3.5,21.57,58.11,0.4
2023-05-29,19.1125,69.82916667,0,21.08,52.89,1.2,19.79,86.7,4.5,15.13,82.3,1.4
2023-05-30,18.21666667,69.39583333,0.9,17.31,58.1,0,19.59,80.32,0,18.31,82.79,8.3
2023-05-31,16.86666667,90.0375,21.3,21.23,62.89,3.1,20.52,70.81,1,18.28,80.79,1.7
2023-06-01,17.20909091,82.02272727,0,16.19,70.73,0.1,18.35,90.9,4.5,17.75,77.01,0
2023-06-02,17.61666667,73.49583333,0.2,18.97,57.01,0,16.78,85.78,0,17.57,75.97,0
2023-06-03,19.10833333,65.9125,0,21.88,68.88,0,14.26,87.07,0,17.93,70.24,0
2023-06-04,18.09166667,67.9875,0,16.88,64.71,0,16.21,83.81,0,18.75,61.12,0
2023-06-05,17.63333333,67.20833333,0,21.07,49.05,0,14.32,92.37,0,17.84,59.36,0
2023-06-06,18.65416667,62.3875,0,21.7,54.74,0,16.81,87.07,1,17.18,71.91,0
2023-06-07,18.53333333,63.33333333,0,17.63,62.04,0,14.12,76.27,0,17.56,67.49,0
2023-06-08,18.54583333,64.2,0,19.57,51.38,0,17.7,67.42,0,18.34,57.2,0
2023-06-09,18.91666667,62.75,0,19.68,52.47,0,19.63,62.54,0,18.82,50.62,0
2023-06-10,18.825,63.19583333,0,20.27,52.69,0,18.45,69.31,0,19.65,48.77,0
2023-06-11,20.2125,57.45,0,20.79,48.74,0,17.69,69.78,0,19.1,50.65,0
2023-06-12,20.43333333,59.69166667,0,22.53,46.62,0,17.5,77.51,0,18.83,74.04,0
2023-06-13,19.14782609,71.4,0,17.98,76.02,6.2,19.08,77.56,0,19,63.33,0
2023-06-14,17.0875,86.975,6.2,22.08,53.85,0,19.24,77.86,0,16.8,78.88,1.3
2023-06-15,16.95333333,92.52,17.8,22.2,51.78,0,16.75,91.98,0.8,15.59,85.73,7
2023-06-16,14.37391304,87.67826087,0.4,20.58,68.72,0,15.45,84.8,0,17.47,79.96,1
2023-06-17,11.3,79.94166667,0,22.57,51.72,0.5,16.64,81.67,0.2,15.39,77.81,0.4
2023-06-18,13.06666667,75.125,0.2,17.15,82.6,19.5,17.33,85.23,1.9,14.48,73.14,0
2023-06-19,15.44166667,67.59166667,0,20.05,70.2,15,15.6,88.01,0,15.02,73.31,0
2023-06-20,17.15416667,64.9375,0,20.64,53.31,0,17.8,85.26,0,16.31,71.89,0
2023-06-21,18.1875,60.24166667,0,19.78,50.78,0,15.93,86.94,0,17.13,72.22,0
2023-06-22,17.5125,64.65833333,0,21.41,49.32,0,19.6,67.27,0,19.83,51.89,0
2023-06-23,18.17916667,66.79166667,0,20.03,53.65,0,19.29,68.08,2.5,16.19,67.05,0.1
2023-06-24,18.12916667,67.64583333,0,20.79,52.48,0,19.14,62.14,0,20.42,58.57,0
2023-06-25,18.54583333,67.3125,0,21.17,58.92,0,20.29,61.81,0,20.47,60.89,0
2023-06-26,18.32083333,69.325,0,20.03,48.72,0,20.88,66.38,0.5,20.28,49.49,0
2023-06-27,18.80833333,64.07916667,0,21.04,52.3,0,20.26,80.07,0,21.01,47.95,0
2023-06-28,18.63333333,64.4,0,21.2,51.03,0,21.28,64.7,0,20.1,51.85,0
2023-06-29,17.82083333,69.39166667,0,20.15,43.92,0,19.42,80.31,2,18.86,67.3,0
2023-06-30,18.9375,67.46666667,0,18.3,68.54,0,18.15,80.72,0,18.83,68.86,0
2023-07-01,16.81666667,76.95833333,0,21.52,51.9,0,19.04,75.28,0,19.56,57.58,0
2023-07-02,17.09583333,69.44166667,0,19.55,49.44,0,19.02,64.5,0,16.49,73.11,0
2023-07-03,15.88333333,67.95833333,0,17.34,58.53,0,14.81,76,0,16.84,69.89,0
2023-07-04,15.89583333,63.675,0,20.56,57.16,5.2,15.38,73.36,0,20,52.54,0
2023-07-05,17.09565217,61.87391304,0,19.22,71.74,19.1,17.25,64.48,0,16.33,56.9,0
2023-07-06,17.61111111,56.51111111,0,19.55,43.64,0,16.22,72.05,0,17.58,52.07,0
2023-07-07,17.65263158,56.26315789,0,20.82,49.86,0,18.79,59.02,0,18.42,45.15,0
2023-07-08,18.03157895,59.35263158,0,20.33,52.16,0,18.44,54.66,0,19.9,42.54,0
2023-07-09,18.185,83.365,6.8,20.98,38.24,0,18.23,64.67,0,19.25,53.21,0.2
2023-07-10,18.41,82.36,0.4,23.35,38.05,0,20.14,67.77,0,21.95,39.24,0
2023-07-11,21.62857143,69.9047619,0,22.43,45.95,0,20.5,67.85,0,24.04,32.51,0
2023-07-12,22.64736842,58.46315789,0,22.22,50.81,0,21.64,53.12,0,24.02,32.16,0
2023-07-13,21.865,47.5,0,22.53,53.1,0,19.17,64.99,0,18.61,68.09,30.4
2023-07-14,15.02352941,56.79411765,0,20.79,69.07,3.4,11.78,79.82,0.2,15.25,70.86,0.8
2023-07-15,14.80625,57.19375,0,22.54,59.2,13.6,13.42,83.24,0,13.28,66.44,0
2023-07-16,14.835,65.44,0,21.54,64.53,5.2,16.55,66.69,0,16.96,52.9,0
2023-07-17,19.77,59.115,0,22.01,55.65,0,14.96,73.22,0,20.78,45.24,0
2023-07-18,18.86666667,71.4,0,22.56,49.02,0,17.49,67.44,0,13.87,66.62,0
2023-07-19,18.43888889,67.77777778,0,21.28,49.48,0,15.96,76.23,0,20.16,71.44,0.1
2023-07-20,19.3375,62.35625,0,14.48,76.29,0,19.4,71.62,0,20.35,66.72,0.1
2023-07-21,20.40952381,60.91428571,0,11.78,72,0,20.3,70.17,0,19.49,63.93,0
2023-07-22,19.03,66.885,0,17.02,49.72,0,19.55,73.5,0,18.8,59.96,0
2023-07-23,19.79090909,58.42272727,0,20.96,51.78,0,18.99,69.9,0,17.87,55.01,0
2023-07-24,21.45789474,47.92105263,0,22.34,39.72,0,19.13,65,0,19.59,49.3,0
2023-07-25,21.125,49.60625,0,20.74,47.7,0,19.03,65.73,0,21.01,41.72,0
2023-07-26,22.3375,49.86875,0,21.22,46.26,0,21.42,61.53,0,20.24,45.89,0.1
2023-07-27,21.33684211,58.18947368,0,21.41,45.61,0,19.64,76.44,0,22.78,33.44,0
2023-07-28,22.29545455,59.77272727,0,21.18,51.47,0,19.11,84.81,0.2,22.51,54.17,0.3
2023-07-29,18.3,68.17916667,0,22.12,46.38,2.9,19.12,84.76,0.5,18.74,71.73,0
2023-07-30,16.875,68.425,0,24.41,40.57,0.8,19.61,71.92,0,19,69.05,0
2023-07-31,17.53333333,70.94166667,0,19.75,56.16,0,16.68,73.75,0,20.92,60.04,0
2023-08-01,18.10416667,66.9625,0,22.17,54.83,0,15.77,67.53,0,23.02,47.68,0
2023-08-02,20.10416667,60.68333333,0,21.03,52.84,0,15.62,70.35,0,22.58,42.45,0
2023-08-03,20.3,56.47083333,0,22.96,34.52,0,17.89,70.5,0,23.44,32.35,0
2023-08-04,20.6,50.93333333,0,23.47,34.96,0,18.76,65.06,0,23.05,33.4,0
2023-08-05,20.5375,55.725,0,19.61,64.67,0,18.42,70.5,0,23.48,27.51,0
2023-08-06,22.01666667,46.43333333,0,23.48,35.13,0,21.02,65.76,0,19.33,61.08,0
2023-08-07,21.69583333,51.25416667,0,24.38,38.93,0,20.84,56.28,0,24.14,35.01,0.1
2023-08-08,20.51666667,62.7375,0,24.03,42.64,0,21.35,59.47,0,24.28,35.9,0.1
2023-08-09,21.6875,60.44583333,0,21.37,60.41,0,22.07,54.78,0,20.56,63.66,0
2023-08-10,22.94583333,56.83333333,0,19.75,68.02,0.7,21.88,64.25,0,24.58,33.7,0
2023-08-11,24.13913043,51.92608696,0,15.95,73.38,0,22.78,52.18,0,23.64,38.57,0
2023-08-12,21.39583333,61.50833333,0,25.01,45.91,0,22.37,59.28,0,23.01,48.6,0
2023-08-13,18.7625,69.85833333,0,25.85,35.72,0,16.75,85.27,1.7,21.45,57.67,2.4
2023-08-14,18.85416667,67.55,0,22.38,51.13,1.9,14.14,83.68,0,15.26,75.71,3.5
2023-08-15,21.2375,66.75416667,0,23.99,42.55,1.9,15.44,78.69,0,19.75,64.55,0.3
2023-08-16,23.48571429,59.35238095,0,22.43,52.72,0,15.99,86.18,0.2,21.42,61.65,0
2023-08-17,23.2875,52.65416667,0,22.79,43.78,0,18.95,68.54,0,23.6,47.98,0
2023-08-18,23.50416667,49.75416667,0,23.03,36.82,0,23.03,56.21,0,24.66,37.34,0
2023-08-19,22.1875,53.4,0,22.01,54.52,3.4,22,69.77,2.5,23.71,38.23,0
2023-08-20,20.6625,58.05833333,0,24.12,48.85,1.8,18.16,87.53,3.5,17.59,45.12,0
2023-08-21,22.64583333,53.875,0,21.67,63.81,13,15.43,94.64,35.5,18.7,38.35,0
2023-08-22,22.875,49.47083333,0,22.98,51.86,0.3,19.9,87.52,2.5,24.22,53.31,0.1
2023-08-23,26.475,32.825,0,23.35,45.32,0,20.82,81.94,0,25.26,24.14,0
2023-08-24,25.18,50.48,4.4,25,39.85,0,21.62,77.18,2,23.68,50.51,0.1
2023-08-25,21.6875,71.11666667,0,26.9,48.29,4.3,19.36,89.56,1.5,20.43,73.76,1.8
2023-08-26,16.525,75.54166667,8,25.33,58.48,2.7,16,89.06,0.5,14.48,61.96,0
2023-08-27,13.94545455,72.38636364,1.2,19.09,67.11,0.6,13.97,92.08,12,15.62,72.98,0.5
2023-08-28,15.825,70.45,0.4,18.75,69.75,1.9,13.72,76.15,0,13.11,73.85,1.1
2023-08-29,18.85833333,64.07083333,0,18.33,76.45,1,12.07,74.08,0,13.04,64.8,0
2023-08-30,19.62916667,65.2875,0,22.59,66.72,12.6,12.82,72.86,0,18.22,64.91,0
2023-08-31,NA,NA,NA,17.16,66.27,0,15.99,63.95,0,19.5,69.86,18.9
2023-09-01,22.54166667,38.82916667,0,14.57,62.02,0,15.62,84.27,7.3,19.75,61.96,0
2023-09-02,24.74583333,57.07916667,7.6,21.92,46.79,0,21.68,73.22,0,23.53,65.66,17.8
2023-09-03,23.6375,72.9625,25.4,23.53,41.18,0,22.7,75.59,6.2,24.75,64.94,7.9
2023-09-04,25.59130435,65.16086957,0.7,25.97,51.66,20.5,24.21,80.99,70.2,27.01,53.71,0.8
2023-09-05,23.93333333,70.80416667,5.2,23.7,40.24,0,25.33,69.44,0,18.05,79.86,14.4
2023-09-06,19.925,66.825,0,20.15,69.21,7.3,25.7,57.22,0,21.65,68.93,0.1
2023-09-07,22.02608696,58.5826087,0,24.28,47.24,0,24.97,54.6,0,24.96,53.42,0
2023-09-08,24.02083333,53.47083333,0,23.85,50.76,0,25.49,49.4,0,25.4,40.89,0
2023-09-09,22.39583333,60.84583333,0,20.37,55.68,0,24.65,52.1,0,26.31,32.95,0
2023-09-10,21.9875,63.9375,0,24.92,39.62,2.5,22.77,67.74,2.5,24.83,42.48,0
2023-09-11,24.15833333,57.6125,0,24.2,41.32,0,21.76,73.92,0.2,21.18,69.7,0
2023-09-12,24.88333333,42.425,0,26.84,41.98,0.2,25.1,52.86,0,26.9,33.73,0
2023-09-13,26.69166667,39.20833333,0,25.5,37.15,0,26.01,39.56,0,26.79,30.35,0
2023-09-14,21.20833333,71.10416667,17.1,18.1,71.68,6.1,28.06,40.37,0,24.45,44.74,0.3
2023-09-15,18.4,70.54166667,0.2,25.45,37.13,0,17.77,86.42,3.2,19.94,45.88,0.8
2023-09-16,20.95416667,61.92916667,0,23.68,46.72,0,15.87,78.05,0,16.25,66.66,0
2023-09-17,25.2375,54.425,0,28.55,34.94,0,19.67,67.85,0,24.15,60.27,0
2023-09-18,27.18333333,42.44583333,0,29.67,29.59,0,24.74,50.32,0,28.08,39.07,0
2023-09-19,27.35416667,48.35,0,28.25,29.87,0,27.15,50.29,0,28.59,25.72,0
2023-09-20,25.85,48.3625,0,24.98,36.2,0,26,48.69,0,28.87,28.72,0
2023-09-21,25.60416667,50.925,0,26.53,26.08,0,26.42,44.86,0,30.27,26.78,0
2023-09-22,27.50833333,49.68333333,0,25.28,34.83,0,27.05,39.38,0,28.88,26.5,0
2023-09-23,28.2375,45.825,0,27.68,30.29,0,27.14,39.4,0,28.73,21.47,0
2023-09-24,29.4625,44.36666667,0,26.95,27.7,0,26.27,42.8,0,30.05,21.12,0
2023-09-25,28.81666667,49.35,0,28.47,29.45,0,26.75,46.86,0,29.61,27.58,0
2023-09-26,28.4,52.69583333,0,20.72,65.62,0,26.53,58.12,0,24.01,57.22,0
2023-09-27,28.05,57.075,5.5,28.22,26.93,0,23.83,68.49,0,17.4,69.17,0
2023-09-28,19.3125,71.69166667,1.3,19.53,67.52,1.8,18.85,81.27,0,20.74,66.21,0
2023-09-29,20.84166667,62.99583333,0,19.45,73.68,0,23.21,77.06,2.5,22.95,69.17,0
2023-09-30,23.73333333,64.2625,0,27.55,46.98,10.5,25.73,76.62,8.5,26.45,58.27,0.3
2023-10-01,22.1625,80.78333333,31.5,30.22,33.13,0,24,90.69,23,27.98,53.33,4.5
2023-10-02,22.32083333,72.7375,0,26.63,48.55,7.7,23.33,79.62,9,24.85,66.75,0.4
2023-10-03,22.56666667,75.00416667,0,29.44,42.35,10.4,21.16,72.34,0.2,23.87,67.08,0
2023-10-04,25.6952381,70.03809524,0,29.79,43.65,3.6,23.49,76.32,4,28.77,48.45,0.2
2023-10-05,24.45238095,74.79047619,5.2,29.34,47.29,2.8,21.62,90.22,29.5,26.37,60.57,2.6
2023-10-06,25.82916667,68.875,0,28.32,49.06,8.4,22.94,81.49,4.8,20.52,73.95,0.1
2023-10-07,26.4,69.09166667,23.7,23.39,70.3,16.6,21.4,91.77,63.2,23.59,68.82,7.7
2023-10-08,22.79166667,83.70416667,28.2,19.24,77.86,10.7,19.5,94.07,10.5,22.03,87.03,60.6
2023-10-09,22.44166667,79.55,50.5,23.8,63.5,15.1,22.1,84.53,2.5,25.75,56.8,0
2023-10-10,22.60416667,62.325,0,18.51,78.37,22,26.26,63.58,0,25.45,61.28,0
2023-10-11,24.7125,63.30416667,0,22.3,61.26,1.1,25.82,59.88,0,26.87,56.31,0.2
2023-10-12,24.575,74.10416667,35.7,25.38,63.42,10.5,25.69,61.05,0,21.68,66.85,0
2023-10-13,20.37083333,78.53333333,0.7,27.58,51.52,0.3,23.36,86.09,4.5,18.92,75.13,0.8
2023-10-14,19.325,68.58333333,0,26.93,53.8,4.7,20.25,79.94,0,19.54,71.9,0.3
2023-10-15,23.0625,64.30416667,0,27.03,57.87,13.3,22.41,77.26,1.5,23.22,65.32,0
2023-10-16,25.85,63.02083333,0,28.89,44.86,0,24.84,74.4,3,26.38,55.71,0.6
2023-10-17,21.86,81.185,32,30.05,32.11,0,23.63,86.46,6,27,59.6,1.9
2023-10-18,22.7875,71.72916667,1.2,28.08,38.39,0,23.62,84.2,5.5,25.72,63.46,3.1
2023-10-19,20.98333333,68.58333333,0,23.94,67.4,2.1,22.29,81.09,0.2,17.53,62.78,0
2023-10-20,20.75416667,69.35416667,0,28.27,52.47,6.4,22.72,77.92,1.7,16.43,76.22,19.4
2023-10-21,21.62083333,68.09166667,0,22.04,69.96,0,24.42,79.23,0.7,23.27,69.41,0
2023-10-22,23.34166667,61.7375,0,20.8,71.16,0,26.93,66.44,0,20.55,66.95,0
2023-10-23,25.025,60.28333333,0,22.67,64.69,0,27.21,51.82,0,24.79,56.14,0
2023-10-24,27.75416667,52.6875,0,27.52,50.74,16.9,26.8,55.77,2.5,26.51,43.28,0
2023-10-25,25.4875,66.06666667,0,24.37,67.85,4.9,23.4,83.37,6,23.64,62.87,2.9
2023-10-26,24.17916667,67.92083333,0,20.41,69.41,0.5,23.42,89.47,15.5,27.82,49.2,0.4
2023-10-27,23.70833333,67.45416667,1.7,23.6,67.3,7.7,21.45,95,19.9,20.49,78.44,6.7
2023-10-28,23.80416667,75.075,7.1,27,61.72,3.4,22.06,92.54,32.4,23.31,76.38,16.6
2023-10-29,24.20833333,77.925,26.2,27.82,56.5,19.1,23.9,89.2,35,24.15,83.48,10.3
2023-10-30,24.85833333,76.85833333,0.9,18.54,69.55,1.6,21.6,94.02,31,22.75,84.64,17
2023-10-31,24.27083333,81.1,3.1,25.29,48.89,0,18.51,89.21,13.5,23.07,72.66,4.4
2023-11-01,22.55416667,78.09166667,0.2,17.8,75.96,0,21.52,89.61,25,24.22,74.11,31.4
2023-11-02,22.725,64.2875,0,21.96,70.4,0,25.33,82.39,4,24.79,75.34,11.1
2023-11-03,24.52173913,70.2,1.7,25.66,57.2,0,25.23,84.84,10,22.7,75.02,3.8
2023-11-04,23.14583333,67.425,0,26.66,56.77,0,20.78,86.67,9,21.47,82.17,9.2
2023-11-05,20.45833333,55.25416667,0,23.24,69.69,6.2,20.54,69.24,0,17.97,62.2,0
2023-11-06,20.49583333,55.85416667,0,23.16,70.99,21.7,20.32,62.33,0,18.25,63.26,0
2023-11-07,22.225,55.225,0,24.08,68.02,2.5,22.22,58.64,0,20.06,52.18,0
2023-11-08,26.0625,46.17083333,0,27.4,53.51,2.9,23.15,63.34,0,22.64,45.96,0
2023-11-09,27.45,47.2,0,28.54,41.41,0,25.39,71.47,3.5,23.74,45.71,0
2023-11-10,27.125,56.3125,0,29.97,42.58,0,24.42,76.48,2.5,28.05,30.28,0
2023-11-11,28.75416667,51.00416667,0,31.29,34.71,0,26.91,64.21,1,29.92,37.99,0
2023-11-12,30.25833333,40.825,0,32.13,36.7,4.5,25.19,75.98,0.5,31.2,29.5,0
2023-11-13,32.075,34.19583333,0,25.73,62.13,0,23.68,70.02,0,23.92,70.45,0
2023-11-14,30.07916667,51.17916667,0,29.11,48.88,1,26.97,61.9,0.5,26.45,60.29,0.2
2023-11-15,28.52916667,55.75833333,0.7,31.17,31.99,0,29.8,58.78,0.5,27.21,57.52,0
2023-11-16,23.45333333,77.96666667,7.2,25.08,59.16,0,26.14,65.52,0,31.41,41.64,0.2
2023-11-17,30.66666667,51.7125,0,30.42,34.54,0,30.83,52.83,0,30.86,43.13,0
2023-11-18,31.20416667,48.15833333,0,31.02,34.22,0,33.97,35.82,0,31.04,45.06,0.1
2023-11-19,23.94166667,79.85833333,55.1,31.2,45.76,1.6,26.47,72.63,24.8,25.88,68.32,23.3
2023-11-20,23.48333333,73.29166667,0,26.87,56.4,1.2,23.32,79.52,2.2,21.42,86.05,36.6
2023-11-21,26.325,63.71666667,0,23.9,70.73,23.3,25.47,71.65,3,23.35,60.61,0
2023-11-22,27.47083333,65.075,0,22.61,69.38,0,28.3,68.56,1,27.88,48.37,0
2023-11-23,26.45416667,68.04583333,0.7,25.12,65.91,18.5,28.32,71.35,1.5,31.01,40.95,0.3
2023-11-24,21.69166667,73.92916667,3.6,27.31,56.01,3,28.49,70.7,6.5,28.56,56.44,4
2023-11-25,19.35,64.8875,0.5,29.47,46.55,3.2,22.98,82.8,4.7,19.02,66.8,0
2023-11-26,21.375,68.7875,0,29.68,46.99,8,21.04,87.66,8.8,20.79,66.95,0
2023-11-27,23.05416667,73.62083333,14.3,24.89,61.2,23,21.86,91.22,7,21.68,74.8,16.2
2023-11-28,24.39166667,75.45416667,0,27.05,57.13,8.4,21.75,93.44,5.5,21.63,85.52,30.3
2023-11-29,23.12083333,81.77916667,65.5,25.72,69.25,71.6,23.96,84.55,1.2,24,76.71,6.2
2023-11-30,24.74583333,74.55833333,2,28.3,45.49,4.9,23.54,86.93,8.5,23.53,70.62,1.2
2023-12-01,NA,NA,NA,26.1,52.15,0,23.26,92.18,16,24.88,68.89,1.1
2023-12-02,27.6125,58.05416667,0,29.91,40.81,0,23.62,87.77,8.5,25.69,71.61,24.5
2023-12-03,29.2875,54.22083333,0,26.89,54.83,0,26.02,69.95,0,25.76,73.95,12.1
2023-12-04,27.45833333,57.80416667,0,22.93,76.68,10.2,22.75,83.18,13.7,24.89,76.86,28.2
2023-12-05,24.99583333,72.63333333,8.3,26.8,62.28,5.6,23.2,84.25,111.3,25.2,68.49,1.1
2023-12-06,26.7375,67.34583333,0,23.48,77.52,35.4,25.36,78.2,3.9,23.46,79.16,9.6
2023-12-07,28.675,59.34166667,0,24.38,70.98,38.8,26.67,80.87,46.3,24.86,78.25,11
2023-12-08,25.64166667,68.05,4.7,24.65,72.27,31.6,23.33,88.32,12.4,23.53,79.48,1.2
2023-12-09,23.55416667,64.95,0,28.44,56.26,3.5,20.94,83.83,0.2,22.18,78.98,1.2
2023-12-10,23.87916667,62.025,1,29.48,49.79,3.1,23.69,78.11,4.8,22.1,68.25,0
2023-12-11,24.39166667,71.15416667,7,24.7,66.28,0,24.88,82.05,8.5,23.06,63.24,0
2023-12-12,23.42083333,61.725,0,28.35,53.9,9.3,26.12,80.68,11.5,24.24,74.36,18.3
2023-12-13,24.55,57.49583333,0,28.38,51.24,10,25.82,84.15,11.3,24.33,71.86,4.3
2023-12-14,27.175,56.39583333,0,26.46,57.44,16.2,26.04,78.05,3,26.89,62.26,0
2023-12-15,29.16666667,49.61666667,0,21.34,69.3,2.5,26.65,71.91,0,26.92,65.98,2.6
2023-12-16,29.40833333,45.7625,0,27.42,62.4,9.9,26.57,67.44,0.2,27.95,51.9,0
2023-12-17,29.49166667,51.26666667,0,26.61,62.53,18.2,27.73,62.41,0,28.52,46.72,0
2023-12-18,28.80416667,47.37916667,0,27.95,57.42,4.2,28.74,52.22,0,28.88,48.96,0
2023-12-19,26.15,54.61666667,0,28.3,55.75,14.2,26.98,51.08,0,25.91,61.61,0
2023-12-20,25.07916667,52.68333333,0,25.65,59.5,1.2,26.71,61.58,0,24.15,59.31,0
2023-12-21,26.675,54.65,0.2,21.98,61.53,0,27.22,67.23,4,24.96,57.78,0
2023-12-22,26.93333333,61.7375,0,26.91,58.31,4.2,24.35,90.15,13,25.26,72.1,4
2023-12-23,25.55789474,67.68947368,0,25.45,60.56,1.2,24.5,91.85,26.9,24.24,80.71,13.2
2023-12-24,24.81666667,70.90833333,0,25.9,64.02,14.5,23.95,90.61,25,26.12,67.99,0.6
2023-12-25,28.15,58.0125,0,27.15,59.82,0.1,25,81.73,2.5,26.12,73.79,9.4
2023-12-26,27.325,61.8875,0,27.16,60.65,9.3,25.92,78.24,2.6,24.75,79.02,41.5
2023-12-27,24.9125,54.325,0,26.65,60.74,4.6,24.44,71.5,0.7,25.33,68.18,0
2023-12-28,25.975,49.2125,0,24.42,73.39,9.6,21.51,66.9,0,21.19,59.34,0
2023-12-29,29.20833333,48.17916667,0,21.35,70.72,0,24.16,66.38,0,23.96,58.07,0
2023-12-30,24.77916667,59.2125,0.2,27.35,64.74,5.3,27.57,61.74,5,25.35,73.35,21.4
2023-12-31,24.0625,57.8875,0,24.88,71.52,24.1,23.47,85.75,7.7,22.92,82.58,9.4
2024-01-01,NA,NA,NA,20.72,67.95,0,22.82,80.05,6.2,23.38,78.12,9.8
2024-01-02,NA,NA,NA,27.75,60.55,37.6,22.88,61.23,0,22.08,68.27,0
2024-01-03,NA,NA,NA,21.09,71.63,0.7,23.12,57.23,0,20.4,66.65,1.1
2024-01-04,NA,NA,NA,22.93,65.62,0,22.74,70.4,1,24.56,69.35,4.7
2024-01-05,NA,NA,NA,21.88,63.86,0.4,23.57,74.51,2.5,21.59,73.23,8.3
2024-01-06,NA,NA,NA,23.31,63.68,0,21.53,85.68,0,22.81,70.43,0.9
2024-01-07,NA,NA,NA,26.3,47.68,0,NA,NA,NA,NA,NA,NA
2024-01-08,NA,NA,NA,27.68,57.32,0,NA,NA,NA,NA,NA,NA
2024-01-09,NA,NA,NA,28.71,51.19,0.9,NA,NA,NA,NA,NA,NA
2024-01-10,NA,NA,NA,27.85,56.39,0,NA,NA,NA,NA,NA,NA
2024-01-11,NA,NA,NA,28.8,41.4,0,NA,NA,NA,NA,NA,NA
